engine,crdt,intervalMs,trial,syncLatencyMs,avgUpdateSizeBytes,maxUpdateSizeBytes,encodedDocSizeBytes,hasConflict,conflictField,conflictType,conflictResolved,conflictResolutionLatencyMs,convergenceSuccess,conflictWinner,latencyABMs,latencyBAMs,updateABBytes,updateBABytes,finalXClientA,finalXClientB,finalLastWriterClientA,finalLastWriterClientB
MARS,Yjs,10,1,10.686,71.5,72,587,true,entities.mars-sync-benchmark-entity.transform.x,write-write,true,1.547,true,A,10.686,0.857,72,71,2,2,A,A
MARS,Yjs,10,2,10.118,65.5,70,653,true,entities.mars-sync-benchmark-entity.transform.x,write-write,true,0.363,true,A,10.118,0.243,70,61,4,4,A,A
MARS,Yjs,10,3,10.066,65.5,70,717,true,entities.mars-sync-benchmark-entity.transform.x,write-write,true,0.577,true,A,10.066,0.51,70,61,6,6,A,A
MARS,Yjs,10,4,10.215,65.5,70,781,true,entities.mars-sync-benchmark-entity.transform.x,write-write,true,0.555,true,A,10.215,0.339,70,61,8,8,A,A
MARS,Yjs,10,5,10.141,65.5,70,845,true,entities.mars-sync-benchmark-entity.transform.x,write-write,true,0.312,true,A,10.141,0.168,70,61,10,10,A,A
MARS,Yjs,10,6,10.087,65.5,70,909,true,entities.mars-sync-benchmark-entity.transform.x,write-write,true,0.208,true,A,10.087,0.12,70,61,12,12,A,A
MARS,Yjs,10,7,11.36,65.5,70,973,true,entities.mars-sync-benchmark-entity.transform.x,write-write,true,1.713,true,A,11.36,0.349,70,61,14,14,A,A
MARS,Yjs,10,8,10.158,65.5,70,1037,true,entities.mars-sync-benchmark-entity.transform.x,write-write,true,0.26,true,A,10.158,0.1,70,61,16,16,A,A
MARS,Yjs,10,9,10.072,65.5,70,1101,true,entities.mars-sync-benchmark-entity.transform.x,write-write,true,0.169,true,A,10.072,0.096,70,61,18,18,A,A
MARS,Yjs,10,10,10.083,65.5,70,1165,true,entities.mars-sync-benchmark-entity.transform.x,write-write,true,0.183,true,A,10.083,0.099,70,61,20,20,A,A
MARS,Yjs,10,11,10.081,65.5,70,1229,true,entities.mars-sync-benchmark-entity.transform.x,write-write,true,0.188,true,A,10.081,0.106,70,61,22,22,A,A
MARS,Yjs,10,12,10.132,65.5,70,1293,true,entities.mars-sync-benchmark-entity.transform.x,write-write,true,0.313,true,A,10.132,0.18,70,61,24,24,A,A
MARS,Yjs,10,13,10.103,65.5,70,1357,true,entities.mars-sync-benchmark-entity.transform.x,write-write,true,0.217,true,A,10.103,0.113,70,61,26,26,A,A
MARS,Yjs,10,14,10.075,65.5,70,1421,true,entities.mars-sync-benchmark-entity.transform.x,write-write,true,0.197,true,A,10.075,0.121,70,61,28,28,A,A
MARS,Yjs,10,15,10.074,65.5,70,1485,true,entities.mars-sync-benchmark-entity.transform.x,write-write,true,0.184,true,A,10.074,0.11,70,61,30,30,A,A
MARS,Yjs,10,16,10.088,65.5,70,1549,true,entities.mars-sync-benchmark-entity.transform.x,write-write,true,0.194,true,A,10.088,0.105,70,61,32,32,A,A
MARS,Yjs,10,17,10.083,65.5,70,1613,true,entities.mars-sync-benchmark-entity.transform.x,write-write,true,0.188,true,A,10.083,0.105,70,61,34,34,A,A
MARS,Yjs,10,18,10.082,65.5,70,1677,true,entities.mars-sync-benchmark-entity.transform.x,write-write,true,0.303,true,A,10.082,0.22,70,61,36,36,A,A
MARS,Yjs,10,19,10.09,65.5,70,1741,true,entities.mars-sync-benchmark-entity.transform.x,write-write,true,0.192,true,A,10.09,0.101,70,61,38,38,A,A
MARS,Yjs,10,20,10.067,65.5,70,1805,true,entities.mars-sync-benchmark-entity.transform.x,write-write,true,0.165,true,A,10.067,0.097,70,61,40,40,A,A
MARS,Yjs,10,21,10.075,65.5,70,1869,true,entities.mars-sync-benchmark-entity.transform.x,write-write,true,0.18,true,A,10.075,0.105,70,61,42,42,A,A
MARS,Yjs,10,22,10.065,65.5,70,1933,true,entities.mars-sync-benchmark-entity.transform.x,write-write,true,0.182,true,A,10.065,0.116,70,61,44,44,A,A
MARS,Yjs,10,23,10.08,65.5,70,1997,true,entities.mars-sync-benchmark-entity.transform.x,write-write,true,0.176,true,A,10.08,0.095,70,61,46,46,A,A
MARS,Yjs,10,24,10.072,65.5,70,2061,true,entities.mars-sync-benchmark-entity.transform.x,write-write,true,0.16,true,A,10.072,0.087,70,61,48,48,A,A
MARS,Yjs,10,25,10.064,65.5,70,2125,true,entities.mars-sync-benchmark-entity.transform.x,write-write,true,0.202,true,A,10.064,0.137,70,61,50,50,A,A
MARS,Yjs,10,26,10.064,65.5,70,2189,true,entities.mars-sync-benchmark-entity.transform.x,write-write,true,0.153,true,A,10.064,0.089,70,61,52,52,A,A
MARS,Yjs,10,27,10.125,65.5,70,2254,true,entities.mars-sync-benchmark-entity.transform.x,write-write,true,0.268,true,A,10.125,0.143,70,61,54,54,A,A
MARS,Yjs,10,28,10.095,68,73,2322,true,entities.mars-sync-benchmark-entity.transform.x,write-write,true,0.276,true,A,10.095,0.18,73,63,56,56,A,A
MARS,Yjs,10,29,10.106,70,75,2394,true,entities.mars-sync-benchmark-entity.transform.x,write-write,true,0.217,true,A,10.106,0.109,75,65,58,58,A,A
MARS,Yjs,10,30,10.074,70,75,2466,true,entities.mars-sync-benchmark-entity.transform.x,write-write,true,0.171,true,A,10.074,0.096,75,65,60,60,A,A
MARS,Yjs,10,31,10.072,70,75,2538,true,entities.mars-sync-benchmark-entity.transform.x,write-write,true,0.166,true,A,10.072,0.094,75,65,62,62,A,A
MARS,Yjs,10,32,10.173,71,76,2613,true,entities.mars-sync-benchmark-entity.transform.x,write-write,true,0.32,true,A,10.173,0.146,76,66,64,64,A,A
MARS,Yjs,10,33,10.188,73,78,2686,true,entities.mars-sync-benchmark-entity.transform.x,write-write,true,0.332,true,A,10.188,0.144,78,68,66,66,A,A
MARS,Yjs,10,34,10.127,73,78,2758,true,entities.mars-sync-benchmark-entity.transform.x,write-write,true,0.284,true,A,10.127,0.155,78,68,68,68,A,A
MARS,Yjs,10,35,10.235,73,78,2830,true,entities.mars-sync-benchmark-entity.transform.x,write-write,true,0.381,true,A,10.235,0.146,78,68,70,70,A,A
MARS,Yjs,10,36,10.11,73,78,2902,true,entities.mars-sync-benchmark-entity.transform.x,write-write,true,0.226,true,A,10.11,0.115,78,68,72,72,A,A
MARS,Yjs,10,37,10.089,73,78,2974,true,entities.mars-sync-benchmark-entity.transform.x,write-write,true,0.234,true,A,10.089,0.144,78,68,74,74,A,A
MARS,Yjs,10,38,10.106,73,78,3046,true,entities.mars-sync-benchmark-entity.transform.x,write-write,true,0.229,true,A,10.106,0.122,78,68,76,76,A,A
MARS,Yjs,10,39,10.095,73,78,3118,true,entities.mars-sync-benchmark-entity.transform.x,write-write,true,0.222,true,A,10.095,0.126,78,68,78,78,A,A
MARS,Yjs,10,40,10.09,73,78,3190,true,entities.mars-sync-benchmark-entity.transform.x,write-write,true,0.203,true,A,10.09,0.112,78,68,80,80,A,A
MARS,Yjs,10,41,10.09,73,78,3262,true,entities.mars-sync-benchmark-entity.transform.x,write-write,true,0.21,true,A,10.09,0.119,78,68,82,82,A,A
MARS,Yjs,10,42,10.091,73,78,3334,true,entities.mars-sync-benchmark-entity.transform.x,write-write,true,0.209,true,A,10.091,0.118,78,68,84,84,A,A
MARS,Yjs,10,43,10.134,73,78,3406,true,entities.mars-sync-benchmark-entity.transform.x,write-write,true,0.287,true,A,10.134,0.152,78,68,86,86,A,A
MARS,Yjs,10,44,10.09,73,78,3478,true,entities.mars-sync-benchmark-entity.transform.x,write-write,true,0.208,true,A,10.09,0.118,78,68,88,88,A,A
MARS,Yjs,10,45,10.104,73,78,3550,true,entities.mars-sync-benchmark-entity.transform.x,write-write,true,0.256,true,A,10.104,0.152,78,68,90,90,A,A
MARS,Yjs,10,46,10.328,73,78,3622,true,entities.mars-sync-benchmark-entity.transform.x,write-write,true,0.488,true,A,10.328,0.159,78,68,92,92,A,A
MARS,Yjs,10,47,10.096,73,78,3694,true,entities.mars-sync-benchmark-entity.transform.x,write-write,true,0.214,true,A,10.096,0.118,78,68,94,94,A,A
MARS,Yjs,10,48,10.106,73,78,3766,true,entities.mars-sync-benchmark-entity.transform.x,write-write,true,0.248,true,A,10.106,0.141,78,68,96,96,A,A
MARS,Yjs,10,49,10.112,73,78,3838,true,entities.mars-sync-benchmark-entity.transform.x,write-write,true,0.246,true,A,10.112,0.132,78,68,98,98,A,A
MARS,Yjs,10,50,10.138,73,78,3910,true,entities.mars-sync-benchmark-entity.transform.x,write-write,true,0.307,true,A,10.138,0.168,78,68,100,100,A,A
MARS,Yjs,30,1,30.085,73,74,581,true,entities.mars-sync-benchmark-entity.transform.x,write-write,true,0.22,true,B,30.085,0.134,72,74,-2,-2,B,B
MARS,Yjs,30,2,30.062,70,70,653,true,entities.mars-sync-benchmark-entity.transform.x,write-write,true,0.142,true,B,30.062,0.079,70,70,-4,-4,B,B
MARS,Yjs,30,3,30.069,70,70,717,true,entities.mars-sync-benchmark-entity.transform.x,write-write,true,0.149,true,B,30.069,0.079,70,70,-6,-6,B,B
MARS,Yjs,30,4,30.088,70,70,781,true,entities.mars-sync-benchmark-entity.transform.x,write-write,true,0.177,true,B,30.088,0.088,70,70,-8,-8,B,B
MARS,Yjs,30,5,30.083,70,70,845,true,entities.mars-sync-benchmark-entity.transform.x,write-write,true,0.168,true,B,30.083,0.085,70,70,-10,-10,B,B
MARS,Yjs,30,6,30.065,70,70,909,true,entities.mars-sync-benchmark-entity.transform.x,write-write,true,0.151,true,B,30.065,0.085,70,70,-12,-12,B,B
MARS,Yjs,30,7,30.076,70,70,973,true,entities.mars-sync-benchmark-entity.transform.x,write-write,true,0.162,true,B,30.076,0.084,70,70,-14,-14,B,B
MARS,Yjs,30,8,30.077,70,70,1037,true,entities.mars-sync-benchmark-entity.transform.x,write-write,true,0.162,true,B,30.077,0.084,70,70,-16,-16,B,B
MARS,Yjs,30,9,30.065,70,70,1101,true,entities.mars-sync-benchmark-entity.transform.x,write-write,true,0.149,true,B,30.065,0.083,70,70,-18,-18,B,B
MARS,Yjs,30,10,30.054,70,70,1165,true,entities.mars-sync-benchmark-entity.transform.x,write-write,true,0.133,true,B,30.054,0.078,70,70,-20,-20,B,B
MARS,Yjs,30,11,30.06,70,70,1229,true,entities.mars-sync-benchmark-entity.transform.x,write-write,true,0.151,true,B,30.06,0.09,70,70,-22,-22,B,B
MARS,Yjs,30,12,30.059,70,70,1293,true,entities.mars-sync-benchmark-entity.transform.x,write-write,true,0.156,true,B,30.059,0.096,70,70,-24,-24,B,B
MARS,Yjs,30,13,30.075,70,70,1357,true,entities.mars-sync-benchmark-entity.transform.x,write-write,true,0.149,true,B,30.075,0.073,70,70,-26,-26,B,B
MARS,Yjs,30,14,30.042,70,70,1421,true,entities.mars-sync-benchmark-entity.transform.x,write-write,true,0.106,true,B,30.042,0.063,70,70,-28,-28,B,B
MARS,Yjs,30,15,30.055,70,70,1485,true,entities.mars-sync-benchmark-entity.transform.x,write-write,true,0.119,true,B,30.055,0.064,70,70,-30,-30,B,B
MARS,Yjs,30,16,30.04,70,70,1549,true,entities.mars-sync-benchmark-entity.transform.x,write-write,true,0.102,true,B,30.04,0.062,70,70,-32,-32,B,B
MARS,Yjs,30,17,30.05,70,70,1613,true,entities.mars-sync-benchmark-entity.transform.x,write-write,true,0.156,true,B,30.05,0.106,70,70,-34,-34,B,B
MARS,Yjs,30,18,30.04,70,70,1677,true,entities.mars-sync-benchmark-entity.transform.x,write-write,true,0.102,true,B,30.04,0.062,70,70,-36,-36,B,B
MARS,Yjs,30,19,30.054,70,70,1741,true,entities.mars-sync-benchmark-entity.transform.x,write-write,true,0.12,true,B,30.054,0.066,70,70,-38,-38,B,B
MARS,Yjs,30,20,30.04,70,70,1805,true,entities.mars-sync-benchmark-entity.transform.x,write-write,true,0.103,true,B,30.04,0.062,70,70,-40,-40,B,B
MARS,Yjs,30,21,30.085,70,70,1869,true,entities.mars-sync-benchmark-entity.transform.x,write-write,true,0.207,true,B,30.085,0.12,70,70,-42,-42,B,B
MARS,Yjs,30,22,30.07,70,70,1933,true,entities.mars-sync-benchmark-entity.transform.x,write-write,true,0.189,true,B,30.07,0.118,70,70,-44,-44,B,B
MARS,Yjs,30,23,30.05,70,70,1997,true,entities.mars-sync-benchmark-entity.transform.x,write-write,true,0.141,true,B,30.05,0.09,70,70,-46,-46,B,B
MARS,Yjs,30,24,30.053,70,70,2061,true,entities.mars-sync-benchmark-entity.transform.x,write-write,true,0.129,true,B,30.053,0.076,70,70,-48,-48,B,B
MARS,Yjs,30,25,30.049,70,70,2125,true,entities.mars-sync-benchmark-entity.transform.x,write-write,true,0.131,true,B,30.049,0.081,70,70,-50,-50,B,B
MARS,Yjs,30,26,30.053,70,70,2189,true,entities.mars-sync-benchmark-entity.transform.x,write-write,true,0.142,true,B,30.053,0.088,70,70,-52,-52,B,B
MARS,Yjs,30,27,30.065,70,70,2254,true,entities.mars-sync-benchmark-entity.transform.x,write-write,true,0.144,true,B,30.065,0.079,70,70,-54,-54,B,B
MARS,Yjs,30,28,30.048,70.5,71,2318,true,entities.mars-sync-benchmark-entity.transform.x,write-write,true,0.13,true,B,30.048,0.081,71,70,-56,-56,B,B
MARS,Yjs,30,29,30.05,70.5,71,2382,true,entities.mars-sync-benchmark-entity.transform.x,write-write,true,0.129,true,B,30.05,0.079,71,70,-58,-58,B,B
MARS,Yjs,30,30,30.053,70.5,71,2446,true,entities.mars-sync-benchmark-entity.transform.x,write-write,true,0.132,true,B,30.053,0.078,71,70,-60,-60,B,B
MARS,Yjs,30,31,30.057,70.5,71,2510,true,entities.mars-sync-benchmark-entity.transform.x,write-write,true,0.144,true,B,30.057,0.087,71,70,-62,-62,B,B
MARS,Yjs,30,32,30.104,71.5,72,2577,true,entities.mars-sync-benchmark-entity.transform.x,write-write,true,0.237,true,B,30.104,0.132,71,72,-64,-64,B,B
MARS,Yjs,30,33,30.073,73.5,74,2642,true,entities.mars-sync-benchmark-entity.transform.x,write-write,true,0.162,true,B,30.073,0.088,73,74,-66,-66,B,B
MARS,Yjs,30,34,30.049,78,78,2714,true,entities.mars-sync-benchmark-entity.transform.x,write-write,true,0.134,true,B,30.049,0.085,78,78,-68,-68,B,B
MARS,Yjs,30,35,30.046,78,78,2786,true,entities.mars-sync-benchmark-entity.transform.x,write-write,true,0.12,true,B,30.046,0.074,78,78,-70,-70,B,B
MARS,Yjs,30,36,30.474,78,78,2858,true,entities.mars-sync-benchmark-entity.transform.x,write-write,true,0.617,true,B,30.474,0.142,78,78,-72,-72,B,B
MARS,Yjs,30,37,30.058,78,78,2930,true,entities.mars-sync-benchmark-entity.transform.x,write-write,true,0.162,true,B,30.058,0.103,78,78,-74,-74,B,B
MARS,Yjs,30,38,30.056,78,78,3002,true,entities.mars-sync-benchmark-entity.transform.x,write-write,true,0.14,true,B,30.056,0.084,78,78,-76,-76,B,B
MARS,Yjs,30,39,30.061,78,78,3074,true,entities.mars-sync-benchmark-entity.transform.x,write-write,true,0.153,true,B,30.061,0.091,78,78,-78,-78,B,B
MARS,Yjs,30,40,30.066,78,78,3146,true,entities.mars-sync-benchmark-entity.transform.x,write-write,true,0.161,true,B,30.066,0.095,78,78,-80,-80,B,B
MARS,Yjs,30,41,30.063,78,78,3218,true,entities.mars-sync-benchmark-entity.transform.x,write-write,true,0.157,true,B,30.063,0.094,78,78,-82,-82,B,B
MARS,Yjs,30,42,30.066,78,78,3290,true,entities.mars-sync-benchmark-entity.transform.x,write-write,true,0.401,true,B,30.066,0.334,78,78,-84,-84,B,B
MARS,Yjs,30,43,30.092,78,78,3362,true,entities.mars-sync-benchmark-entity.transform.x,write-write,true,0.223,true,B,30.092,0.13,78,78,-86,-86,B,B
MARS,Yjs,30,44,30.067,78,78,3434,true,entities.mars-sync-benchmark-entity.transform.x,write-write,true,0.174,true,B,30.067,0.106,78,78,-88,-88,B,B
MARS,Yjs,30,45,30.166,78,78,3506,true,entities.mars-sync-benchmark-entity.transform.x,write-write,true,0.293,true,B,30.166,0.126,78,78,-90,-90,B,B
MARS,Yjs,30,46,30.065,78,78,3578,true,entities.mars-sync-benchmark-entity.transform.x,write-write,true,0.177,true,B,30.065,0.111,78,78,-92,-92,B,B
MARS,Yjs,30,47,30.067,78,78,3650,true,entities.mars-sync-benchmark-entity.transform.x,write-write,true,0.175,true,B,30.067,0.107,78,78,-94,-94,B,B
MARS,Yjs,30,48,30.131,78,78,3722,true,entities.mars-sync-benchmark-entity.transform.x,write-write,true,0.248,true,B,30.131,0.117,78,78,-96,-96,B,B
MARS,Yjs,30,49,30.075,78,78,3794,true,entities.mars-sync-benchmark-entity.transform.x,write-write,true,0.184,true,B,30.075,0.108,78,78,-98,-98,B,B
MARS,Yjs,30,50,30.098,78,78,3866,true,entities.mars-sync-benchmark-entity.transform.x,write-write,true,0.228,true,B,30.098,0.129,78,78,-100,-100,B,B
MARS,Yjs,100,1,100.057,72,73,588,true,entities.mars-sync-benchmark-entity.transform.x,write-write,true,0.131,true,A,100.057,0.073,73,71,2,2,A,A
MARS,Yjs,100,2,100.084,66,71,654,true,entities.mars-sync-benchmark-entity.transform.x,write-write,true,0.192,true,A,100.084,0.108,71,61,4,4,A,A
MARS,Yjs,100,3,100.05,66,71,718,true,entities.mars-sync-benchmark-entity.transform.x,write-write,true,0.113,true,A,100.05,0.063,71,61,6,6,A,A
MARS,Yjs,100,4,100.047,66,71,782,true,entities.mars-sync-benchmark-entity.transform.x,write-write,true,0.112,true,A,100.047,0.064,71,61,8,8,A,A
MARS,Yjs,100,5,100.05,66,71,846,true,entities.mars-sync-benchmark-entity.transform.x,write-write,true,0.114,true,A,100.05,0.064,71,61,10,10,A,A
MARS,Yjs,100,6,100.049,66,71,910,true,entities.mars-sync-benchmark-entity.transform.x,write-write,true,0.214,true,A,100.049,0.165,71,61,12,12,A,A
MARS,Yjs,100,7,100.058,66,71,974,true,entities.mars-sync-benchmark-entity.transform.x,write-write,true,0.121,true,A,100.058,0.063,71,61,14,14,A,A
MARS,Yjs,100,8,100.049,66,71,1038,true,entities.mars-sync-benchmark-entity.transform.x,write-write,true,0.114,true,A,100.049,0.065,71,61,16,16,A,A
MARS,Yjs,100,9,100.05,66,71,1102,true,entities.mars-sync-benchmark-entity.transform.x,write-write,true,0.115,true,A,100.05,0.065,71,61,18,18,A,A
MARS,Yjs,100,10,100.056,66,71,1166,true,entities.mars-sync-benchmark-entity.transform.x,write-write,true,0.123,true,A,100.056,0.067,71,61,20,20,A,A
MARS,Yjs,100,11,100.094,66,71,1230,true,entities.mars-sync-benchmark-entity.transform.x,write-write,true,0.192,true,A,100.094,0.096,71,61,22,22,A,A
MARS,Yjs,100,12,100.046,66,71,1294,true,entities.mars-sync-benchmark-entity.transform.x,write-write,true,0.104,true,A,100.046,0.058,71,61,24,24,A,A
MARS,Yjs,100,13,100.049,66,71,1358,true,entities.mars-sync-benchmark-entity.transform.x,write-write,true,0.117,true,A,100.049,0.067,71,61,26,26,A,A
MARS,Yjs,100,14,100.045,66,71,1422,true,entities.mars-sync-benchmark-entity.transform.x,write-write,true,0.109,true,A,100.045,0.063,71,61,28,28,A,A
MARS,Yjs,100,15,100.049,66,71,1486,true,entities.mars-sync-benchmark-entity.transform.x,write-write,true,0.111,true,A,100.049,0.061,71,61,30,30,A,A
MARS,Yjs,100,16,100.06,66,71,1550,true,entities.mars-sync-benchmark-entity.transform.x,write-write,true,0.139,true,A,100.06,0.078,71,61,32,32,A,A
MARS,Yjs,100,17,100.048,66,71,1614,true,entities.mars-sync-benchmark-entity.transform.x,write-write,true,0.127,true,A,100.048,0.078,71,61,34,34,A,A
MARS,Yjs,100,18,100.079,66,71,1678,true,entities.mars-sync-benchmark-entity.transform.x,write-write,true,0.154,true,A,100.079,0.075,71,61,36,36,A,A
MARS,Yjs,100,19,100.055,66,71,1742,true,entities.mars-sync-benchmark-entity.transform.x,write-write,true,0.166,true,A,100.055,0.11,71,61,38,38,A,A
MARS,Yjs,100,20,100.137,66,71,1806,true,entities.mars-sync-benchmark-entity.transform.x,write-write,true,0.205,true,A,100.137,0.067,71,61,40,40,A,A
MARS,Yjs,100,21,100.045,66,71,1870,true,entities.mars-sync-benchmark-entity.transform.x,write-write,true,0.108,true,A,100.045,0.062,71,61,42,42,A,A
MARS,Yjs,100,22,100.042,66,71,1934,true,entities.mars-sync-benchmark-entity.transform.x,write-write,true,0.105,true,A,100.042,0.062,71,61,44,44,A,A
MARS,Yjs,100,23,100.094,66,71,1998,true,entities.mars-sync-benchmark-entity.transform.x,write-write,true,0.225,true,A,100.094,0.13,71,61,46,46,A,A
MARS,Yjs,100,24,100.057,66,71,2062,true,entities.mars-sync-benchmark-entity.transform.x,write-write,true,0.168,true,A,100.057,0.111,71,61,48,48,A,A
MARS,Yjs,100,25,100.061,66,71,2126,true,entities.mars-sync-benchmark-entity.transform.x,write-write,true,0.145,true,A,100.061,0.084,71,61,50,50,A,A
MARS,Yjs,100,26,100.057,66,71,2190,true,entities.mars-sync-benchmark-entity.transform.x,write-write,true,0.136,true,A,100.057,0.078,71,61,52,52,A,A
MARS,Yjs,100,27,100.055,66,71,2255,true,entities.mars-sync-benchmark-entity.transform.x,write-write,true,0.135,true,A,100.055,0.079,71,61,54,54,A,A
MARS,Yjs,100,28,100.068,68.5,74,2323,true,entities.mars-sync-benchmark-entity.transform.x,write-write,true,0.159,true,A,100.068,0.09,74,63,56,56,A,A
MARS,Yjs,100,29,100.073,70.5,76,2395,true,entities.mars-sync-benchmark-entity.transform.x,write-write,true,0.166,true,A,100.073,0.092,76,65,58,58,A,A
MARS,Yjs,100,30,100.088,70.5,76,2467,true,entities.mars-sync-benchmark-entity.transform.x,write-write,true,0.179,true,A,100.088,0.09,76,65,60,60,A,A
MARS,Yjs,100,31,100.061,70.5,76,2539,true,entities.mars-sync-benchmark-entity.transform.x,write-write,true,0.148,true,A,100.061,0.086,76,65,62,62,A,A
MARS,Yjs,100,32,100.061,71.5,77,2614,true,entities.mars-sync-benchmark-entity.transform.x,write-write,true,0.145,true,A,100.061,0.083,77,66,64,64,A,A
MARS,Yjs,100,33,100.06,73.5,79,2687,true,entities.mars-sync-benchmark-entity.transform.x,write-write,true,0.144,true,A,100.06,0.083,79,68,66,66,A,A
MARS,Yjs,100,34,100.095,73.5,79,2759,true,entities.mars-sync-benchmark-entity.transform.x,write-write,true,0.214,true,A,100.095,0.118,79,68,68,68,A,A
MARS,Yjs,100,35,100.064,73.5,79,2831,true,entities.mars-sync-benchmark-entity.transform.x,write-write,true,0.156,true,A,100.064,0.091,79,68,70,70,A,A
MARS,Yjs,100,36,100.101,73.5,79,2903,true,entities.mars-sync-benchmark-entity.transform.x,write-write,true,0.198,true,A,100.101,0.096,79,68,72,72,A,A
MARS,Yjs,100,37,100.059,73.5,79,2975,true,entities.mars-sync-benchmark-entity.transform.x,write-write,true,0.143,true,A,100.059,0.083,79,68,74,74,A,A
MARS,Yjs,100,38,100.136,73.5,79,3047,true,entities.mars-sync-benchmark-entity.transform.x,write-write,true,0.275,true,A,100.136,0.138,79,68,76,76,A,A
MARS,Yjs,100,39,100.054,73.5,79,3119,true,entities.mars-sync-benchmark-entity.transform.x,write-write,true,0.136,true,A,100.054,0.082,79,68,78,78,A,A
MARS,Yjs,100,40,100.052,73.5,79,3191,true,entities.mars-sync-benchmark-entity.transform.x,write-write,true,0.133,true,A,100.052,0.081,79,68,80,80,A,A
MARS,Yjs,100,41,100.052,73.5,79,3263,true,entities.mars-sync-benchmark-entity.transform.x,write-write,true,0.137,true,A,100.052,0.084,79,68,82,82,A,A
MARS,Yjs,100,42,100.37,73.5,79,3335,true,entities.mars-sync-benchmark-entity.transform.x,write-write,true,0.56,true,A,100.37,0.189,79,68,84,84,A,A
MARS,Yjs,100,43,100.092,73.5,79,3407,true,entities.mars-sync-benchmark-entity.transform.x,write-write,true,0.371,true,A,100.092,0.278,79,68,86,86,A,A
MARS,Yjs,100,44,100.068,73.5,79,3479,true,entities.mars-sync-benchmark-entity.transform.x,write-write,true,0.161,true,A,100.068,0.092,79,68,88,88,A,A
MARS,Yjs,100,45,100.063,73.5,79,3551,true,entities.mars-sync-benchmark-entity.transform.x,write-write,true,0.155,true,A,100.063,0.092,79,68,90,90,A,A
MARS,Yjs,100,46,100.076,73.5,79,3623,true,entities.mars-sync-benchmark-entity.transform.x,write-write,true,0.173,true,A,100.076,0.096,79,68,92,92,A,A
MARS,Yjs,100,47,100.063,73.5,79,3695,true,entities.mars-sync-benchmark-entity.transform.x,write-write,true,0.162,true,A,100.063,0.098,79,68,94,94,A,A
MARS,Yjs,100,48,100.065,73.5,79,3767,true,entities.mars-sync-benchmark-entity.transform.x,write-write,true,0.185,true,A,100.065,0.118,79,68,96,96,A,A
MARS,Yjs,100,49,100.072,73.5,79,3839,true,entities.mars-sync-benchmark-entity.transform.x,write-write,true,0.19,true,A,100.072,0.117,79,68,98,98,A,A
MARS,Yjs,100,50,100.068,73.5,79,3911,true,entities.mars-sync-benchmark-entity.transform.x,write-write,true,0.164,true,A,100.068,0.096,79,68,100,100,A,A
MARS,Yjs,500,1,500.055,74,75,582,true,entities.mars-sync-benchmark-entity.transform.x,write-write,true,0.156,true,B,500.055,0.099,73,75,-2,-2,B,B
MARS,Yjs,500,2,500.044,71,71,654,true,entities.mars-sync-benchmark-entity.transform.x,write-write,true,0.111,true,B,500.044,0.067,71,71,-4,-4,B,B
MARS,Yjs,500,3,500.06,71,71,718,true,entities.mars-sync-benchmark-entity.transform.x,write-write,true,0.142,true,B,500.06,0.081,71,71,-6,-6,B,B
MARS,Yjs,500,4,500.039,71,71,782,true,entities.mars-sync-benchmark-entity.transform.x,write-write,true,0.104,true,B,500.039,0.065,71,71,-8,-8,B,B
MARS,Yjs,500,5,500.039,71,71,846,true,entities.mars-sync-benchmark-entity.transform.x,write-write,true,0.102,true,B,500.039,0.063,71,71,-10,-10,B,B
MARS,Yjs,500,6,500.218,71,71,910,true,entities.mars-sync-benchmark-entity.transform.x,write-write,true,0.315,true,B,500.218,0.096,71,71,-12,-12,B,B
MARS,Yjs,500,7,500.041,71,71,974,true,entities.mars-sync-benchmark-entity.transform.x,write-write,true,0.106,true,B,500.041,0.065,71,71,-14,-14,B,B
MARS,Yjs,500,8,500.169,71,71,1038,true,entities.mars-sync-benchmark-entity.transform.x,write-write,true,0.323,true,B,500.169,0.153,71,71,-16,-16,B,B
MARS,Yjs,500,9,500.054,71,71,1102,true,entities.mars-sync-benchmark-entity.transform.x,write-write,true,0.145,true,B,500.054,0.09,71,71,-18,-18,B,B
MARS,Yjs,500,10,500.044,71,71,1166,true,entities.mars-sync-benchmark-entity.transform.x,write-write,true,0.117,true,B,500.044,0.072,71,71,-20,-20,B,B
MARS,Yjs,500,11,500.047,71,71,1230,true,entities.mars-sync-benchmark-entity.transform.x,write-write,true,0.12,true,B,500.047,0.072,71,71,-22,-22,B,B
MARS,Yjs,500,12,500.047,71,71,1294,true,entities.mars-sync-benchmark-entity.transform.x,write-write,true,0.12,true,B,500.047,0.073,71,71,-24,-24,B,B
MARS,Yjs,500,13,500.046,71,71,1358,true,entities.mars-sync-benchmark-entity.transform.x,write-write,true,0.122,true,B,500.046,0.076,71,71,-26,-26,B,B
MARS,Yjs,500,14,500.046,71,71,1422,true,entities.mars-sync-benchmark-entity.transform.x,write-write,true,0.123,true,B,500.046,0.076,71,71,-28,-28,B,B
MARS,Yjs,500,15,500.051,71,71,1486,true,entities.mars-sync-benchmark-entity.transform.x,write-write,true,0.133,true,B,500.051,0.081,71,71,-30,-30,B,B
MARS,Yjs,500,16,500.055,71,71,1550,true,entities.mars-sync-benchmark-entity.transform.x,write-write,true,0.138,true,B,500.055,0.082,71,71,-32,-32,B,B
MARS,Yjs,500,17,500.059,71,71,1614,true,entities.mars-sync-benchmark-entity.transform.x,write-write,true,0.154,true,B,500.059,0.094,71,71,-34,-34,B,B
MARS,Yjs,500,18,500.067,71,71,1678,true,entities.mars-sync-benchmark-entity.transform.x,write-write,true,0.154,true,B,500.067,0.087,71,71,-36,-36,B,B
MARS,Yjs,500,19,500.081,71,71,1742,true,entities.mars-sync-benchmark-entity.transform.x,write-write,true,0.18,true,B,500.081,0.098,71,71,-38,-38,B,B
MARS,Yjs,500,20,500.051,71,71,1806,true,entities.mars-sync-benchmark-entity.transform.x,write-write,true,0.151,true,B,500.051,0.098,71,71,-40,-40,B,B
MARS,Yjs,500,21,500.051,71,71,1870,true,entities.mars-sync-benchmark-entity.transform.x,write-write,true,0.137,true,B,500.051,0.084,71,71,-42,-42,B,B
MARS,Yjs,500,22,500.049,71,71,1934,true,entities.mars-sync-benchmark-entity.transform.x,write-write,true,0.13,true,B,500.049,0.08,71,71,-44,-44,B,B
MARS,Yjs,500,23,500.054,71,71,1998,true,entities.mars-sync-benchmark-entity.transform.x,write-write,true,0.16,true,B,500.054,0.105,71,71,-46,-46,B,B
MARS,Yjs,500,24,500.058,71,71,2062,true,entities.mars-sync-benchmark-entity.transform.x,write-write,true,0.147,true,B,500.058,0.088,71,71,-48,-48,B,B
MARS,Yjs,500,25,500.111,71,71,2126,true,entities.mars-sync-benchmark-entity.transform.x,write-write,true,0.229,true,B,500.111,0.117,71,71,-50,-50,B,B
MARS,Yjs,500,26,500.062,71,71,2190,true,entities.mars-sync-benchmark-entity.transform.x,write-write,true,0.159,true,B,500.062,0.096,71,71,-52,-52,B,B
MARS,Yjs,500,27,500.087,71,71,2255,true,entities.mars-sync-benchmark-entity.transform.x,write-write,true,0.242,true,B,500.087,0.154,71,71,-54,-54,B,B
MARS,Yjs,500,28,500.094,71.5,72,2319,true,entities.mars-sync-benchmark-entity.transform.x,write-write,true,0.198,true,B,500.094,0.103,72,71,-56,-56,B,B
MARS,Yjs,500,29,500.058,71.5,72,2383,true,entities.mars-sync-benchmark-entity.transform.x,write-write,true,0.202,true,B,500.058,0.143,72,71,-58,-58,B,B
MARS,Yjs,500,30,500.063,71.5,72,2447,true,entities.mars-sync-benchmark-entity.transform.x,write-write,true,0.163,true,B,500.063,0.099,72,71,-60,-60,B,B
MARS,Yjs,500,31,500.086,71.5,72,2511,true,entities.mars-sync-benchmark-entity.transform.x,write-write,true,0.186,true,B,500.086,0.099,72,71,-62,-62,B,B
MARS,Yjs,500,32,500.084,72.5,73,2578,true,entities.mars-sync-benchmark-entity.transform.x,write-write,true,0.212,true,B,500.084,0.127,72,73,-64,-64,B,B
MARS,Yjs,500,33,500.061,74.5,75,2643,true,entities.mars-sync-benchmark-entity.transform.x,write-write,true,0.149,true,B,500.061,0.088,74,75,-66,-66,B,B
MARS,Yjs,500,34,500.056,79,79,2715,true,entities.mars-sync-benchmark-entity.transform.x,write-write,true,0.144,true,B,500.056,0.087,79,79,-68,-68,B,B
MARS,Yjs,500,35,500.06,79,79,2787,true,entities.mars-sync-benchmark-entity.transform.x,write-write,true,0.152,true,B,500.06,0.091,79,79,-70,-70,B,B
MARS,Yjs,500,36,500.095,79,79,2859,true,entities.mars-sync-benchmark-entity.transform.x,write-write,true,0.236,true,B,500.095,0.139,79,79,-72,-72,B,B
MARS,Yjs,500,37,500.055,79,79,2931,true,entities.mars-sync-benchmark-entity.transform.x,write-write,true,0.145,true,B,500.055,0.089,79,79,-74,-74,B,B
MARS,Yjs,500,38,500.053,79,79,3003,true,entities.mars-sync-benchmark-entity.transform.x,write-write,true,0.141,true,B,500.053,0.087,79,79,-76,-76,B,B
MARS,Yjs,500,39,500.177,79,79,3075,true,entities.mars-sync-benchmark-entity.transform.x,write-write,true,0.284,true,B,500.177,0.106,79,79,-78,-78,B,B
MARS,Yjs,500,40,500.053,79,79,3147,true,entities.mars-sync-benchmark-entity.transform.x,write-write,true,0.144,true,B,500.053,0.09,79,79,-80,-80,B,B
MARS,Yjs,500,41,500.054,79,79,3219,true,entities.mars-sync-benchmark-entity.transform.x,write-write,true,0.145,true,B,500.054,0.09,79,79,-82,-82,B,B
MARS,Yjs,500,42,500.054,79,79,3291,true,entities.mars-sync-benchmark-entity.transform.x,write-write,true,0.18,true,B,500.054,0.125,79,79,-84,-84,B,B
MARS,Yjs,500,43,500.077,79,79,3363,true,entities.mars-sync-benchmark-entity.transform.x,write-write,true,0.171,true,B,500.077,0.094,79,79,-86,-86,B,B
MARS,Yjs,500,44,500.047,79,79,3435,true,entities.mars-sync-benchmark-entity.transform.x,write-write,true,0.123,true,B,500.047,0.075,79,79,-88,-88,B,B
MARS,Yjs,500,45,500.051,79,79,3507,true,entities.mars-sync-benchmark-entity.transform.x,write-write,true,0.156,true,B,500.051,0.104,79,79,-90,-90,B,B
MARS,Yjs,500,46,500.045,79,79,3579,true,entities.mars-sync-benchmark-entity.transform.x,write-write,true,0.122,true,B,500.045,0.077,79,79,-92,-92,B,B
MARS,Yjs,500,47,500.047,79,79,3651,true,entities.mars-sync-benchmark-entity.transform.x,write-write,true,0.126,true,B,500.047,0.078,79,79,-94,-94,B,B
MARS,Yjs,500,48,500.092,79,79,3723,true,entities.mars-sync-benchmark-entity.transform.x,write-write,true,0.212,true,B,500.092,0.119,79,79,-96,-96,B,B
MARS,Yjs,500,49,500.109,79,79,3795,true,entities.mars-sync-benchmark-entity.transform.x,write-write,true,0.241,true,B,500.109,0.13,79,79,-98,-98,B,B
MARS,Yjs,500,50,500.048,79,79,3867,true,entities.mars-sync-benchmark-entity.transform.x,write-write,true,0.127,true,B,500.048,0.078,79,79,-100,-100,B,B
MARS,Yjs,1000,1,1000.037,72,73,588,true,entities.mars-sync-benchmark-entity.transform.x,write-write,true,0.166,true,A,1000.037,0.128,73,71,2,2,A,A
MARS,Yjs,1000,2,1000.04,66,71,654,true,entities.mars-sync-benchmark-entity.transform.x,write-write,true,0.086,true,A,1000.04,0.045,71,61,4,4,A,A
MARS,Yjs,1000,3,1000.034,66,71,718,true,entities.mars-sync-benchmark-entity.transform.x,write-write,true,0.078,true,A,1000.034,0.043,71,61,6,6,A,A
MARS,Yjs,1000,4,1000.03,66,71,782,true,entities.mars-sync-benchmark-entity.transform.x,write-write,true,0.073,true,A,1000.03,0.042,71,61,8,8,A,A
MARS,Yjs,1000,5,1000.031,66,71,846,true,entities.mars-sync-benchmark-entity.transform.x,write-write,true,0.071,true,A,1000.031,0.04,71,61,10,10,A,A
MARS,Yjs,1000,6,1000.097,66,71,910,true,entities.mars-sync-benchmark-entity.transform.x,write-write,true,0.209,true,A,1000.097,0.11,71,61,12,12,A,A
MARS,Yjs,1000,7,1000.044,66,71,974,true,entities.mars-sync-benchmark-entity.transform.x,write-write,true,0.101,true,A,1000.044,0.056,71,61,14,14,A,A
MARS,Yjs,1000,8,1000.039,66,71,1038,true,entities.mars-sync-benchmark-entity.transform.x,write-write,true,0.094,true,A,1000.039,0.054,71,61,16,16,A,A
MARS,Yjs,1000,9,1000.042,66,71,1102,true,entities.mars-sync-benchmark-entity.transform.x,write-write,true,0.098,true,A,1000.042,0.056,71,61,18,18,A,A
MARS,Yjs,1000,10,1000.046,66,71,1166,true,entities.mars-sync-benchmark-entity.transform.x,write-write,true,0.111,true,A,1000.046,0.064,71,61,20,20,A,A
MARS,Yjs,1000,11,1000.084,66,71,1230,true,entities.mars-sync-benchmark-entity.transform.x,write-write,true,0.159,true,A,1000.084,0.073,71,61,22,22,A,A
MARS,Yjs,1000,12,1000.057,66,71,1294,true,entities.mars-sync-benchmark-entity.transform.x,write-write,true,0.127,true,A,1000.057,0.068,71,61,24,24,A,A
MARS,Yjs,1000,13,1000.047,66,71,1358,true,entities.mars-sync-benchmark-entity.transform.x,write-write,true,0.13,true,A,1000.047,0.082,71,61,26,26,A,A
MARS,Yjs,1000,14,1000.048,66,71,1422,true,entities.mars-sync-benchmark-entity.transform.x,write-write,true,0.114,true,A,1000.048,0.065,71,61,28,28,A,A
MARS,Yjs,1000,15,1000.043,66,71,1486,true,entities.mars-sync-benchmark-entity.transform.x,write-write,true,0.103,true,A,1000.043,0.06,71,61,30,30,A,A
MARS,Yjs,1000,16,1000.077,66,71,1550,true,entities.mars-sync-benchmark-entity.transform.x,write-write,true,0.16,true,A,1000.077,0.081,71,61,32,32,A,A
MARS,Yjs,1000,17,1000.052,66,71,1614,true,entities.mars-sync-benchmark-entity.transform.x,write-write,true,0.117,true,A,1000.052,0.064,71,61,34,34,A,A
MARS,Yjs,1000,18,1000.063,66,71,1678,true,entities.mars-sync-benchmark-entity.transform.x,write-write,true,0.124,true,A,1000.063,0.06,71,61,36,36,A,A
MARS,Yjs,1000,19,1000.036,66,71,1742,true,entities.mars-sync-benchmark-entity.transform.x,write-write,true,0.086,true,A,1000.036,0.049,71,61,38,38,A,A
MARS,Yjs,1000,20,1000.033,66,71,1806,true,entities.mars-sync-benchmark-entity.transform.x,write-write,true,0.097,true,A,1000.033,0.064,71,61,40,40,A,A
MARS,Yjs,1000,21,1000.032,66,71,1870,true,entities.mars-sync-benchmark-entity.transform.x,write-write,true,0.085,true,A,1000.032,0.053,71,61,42,42,A,A
MARS,Yjs,1000,22,1000.043,66,71,1934,true,entities.mars-sync-benchmark-entity.transform.x,write-write,true,0.104,true,A,1000.043,0.061,71,61,44,44,A,A
MARS,Yjs,1000,23,1000.034,66,71,1998,true,entities.mars-sync-benchmark-entity.transform.x,write-write,true,0.084,true,A,1000.034,0.05,71,61,46,46,A,A
MARS,Yjs,1000,24,1000.032,66,71,2062,true,entities.mars-sync-benchmark-entity.transform.x,write-write,true,0.085,true,A,1000.032,0.052,71,61,48,48,A,A
MARS,Yjs,1000,25,1000.036,66,71,2126,true,entities.mars-sync-benchmark-entity.transform.x,write-write,true,0.087,true,A,1000.036,0.051,71,61,50,50,A,A
MARS,Yjs,1000,26,1000.034,66,71,2190,true,entities.mars-sync-benchmark-entity.transform.x,write-write,true,0.09,true,A,1000.034,0.056,71,61,52,52,A,A
MARS,Yjs,1000,27,1000.035,66,71,2255,true,entities.mars-sync-benchmark-entity.transform.x,write-write,true,0.107,true,A,1000.035,0.071,71,61,54,54,A,A
MARS,Yjs,1000,28,1000.037,68.5,74,2323,true,entities.mars-sync-benchmark-entity.transform.x,write-write,true,0.096,true,A,1000.037,0.059,74,63,56,56,A,A
MARS,Yjs,1000,29,1000.037,70.5,76,2395,true,entities.mars-sync-benchmark-entity.transform.x,write-write,true,0.094,true,A,1000.037,0.057,76,65,58,58,A,A
MARS,Yjs,1000,30,1000.035,70.5,76,2467,true,entities.mars-sync-benchmark-entity.transform.x,write-write,true,0.092,true,A,1000.035,0.056,76,65,60,60,A,A
MARS,Yjs,1000,31,1000.036,70.5,76,2539,true,entities.mars-sync-benchmark-entity.transform.x,write-write,true,0.092,true,A,1000.036,0.056,76,65,62,62,A,A
MARS,Yjs,1000,32,1000.035,71.5,77,2614,true,entities.mars-sync-benchmark-entity.transform.x,write-write,true,0.096,true,A,1000.035,0.06,77,66,64,64,A,A
MARS,Yjs,1000,33,1000.044,73.5,79,2687,true,entities.mars-sync-benchmark-entity.transform.x,write-write,true,0.114,true,A,1000.044,0.069,79,68,66,66,A,A
MARS,Yjs,1000,34,1000.038,73.5,79,2759,true,entities.mars-sync-benchmark-entity.transform.x,write-write,true,0.097,true,A,1000.038,0.058,79,68,68,68,A,A
MARS,Yjs,1000,35,1000.037,73.5,79,2831,true,entities.mars-sync-benchmark-entity.transform.x,write-write,true,0.096,true,A,1000.037,0.059,79,68,70,70,A,A
MARS,Yjs,1000,36,1000.038,73.5,79,2903,true,entities.mars-sync-benchmark-entity.transform.x,write-write,true,0.101,true,A,1000.038,0.062,79,68,72,72,A,A
MARS,Yjs,1000,37,1000.037,73.5,79,2975,true,entities.mars-sync-benchmark-entity.transform.x,write-write,true,0.099,true,A,1000.037,0.061,79,68,74,74,A,A
MARS,Yjs,1000,38,1000.037,73.5,79,3047,true,entities.mars-sync-benchmark-entity.transform.x,write-write,true,0.099,true,A,1000.037,0.061,79,68,76,76,A,A
MARS,Yjs,1000,39,1000.037,73.5,79,3119,true,entities.mars-sync-benchmark-entity.transform.x,write-write,true,0.098,true,A,1000.037,0.06,79,68,78,78,A,A
MARS,Yjs,1000,40,1000.049,73.5,79,3191,true,entities.mars-sync-benchmark-entity.transform.x,write-write,true,0.111,true,A,1000.049,0.062,79,68,80,80,A,A
MARS,Yjs,1000,41,1000.038,73.5,79,3263,true,entities.mars-sync-benchmark-entity.transform.x,write-write,true,0.1,true,A,1000.038,0.062,79,68,82,82,A,A
MARS,Yjs,1000,42,1000.038,73.5,79,3335,true,entities.mars-sync-benchmark-entity.transform.x,write-write,true,0.101,true,A,1000.038,0.062,79,68,84,84,A,A
MARS,Yjs,1000,43,1000.049,73.5,79,3407,true,entities.mars-sync-benchmark-entity.transform.x,write-write,true,0.115,true,A,1000.049,0.066,79,68,86,86,A,A
MARS,Yjs,1000,44,1000.039,73.5,79,3479,true,entities.mars-sync-benchmark-entity.transform.x,write-write,true,0.105,true,A,1000.039,0.066,79,68,88,88,A,A
MARS,Yjs,1000,45,1000.041,73.5,79,3551,true,entities.mars-sync-benchmark-entity.transform.x,write-write,true,0.106,true,A,1000.041,0.065,79,68,90,90,A,A
MARS,Yjs,1000,46,1000.04,73.5,79,3623,true,entities.mars-sync-benchmark-entity.transform.x,write-write,true,0.105,true,A,1000.04,0.065,79,68,92,92,A,A
MARS,Yjs,1000,47,1000.04,73.5,79,3695,true,entities.mars-sync-benchmark-entity.transform.x,write-write,true,0.107,true,A,1000.04,0.067,79,68,94,94,A,A
MARS,Yjs,1000,48,1000.041,73.5,79,3767,true,entities.mars-sync-benchmark-entity.transform.x,write-write,true,0.109,true,A,1000.041,0.067,79,68,96,96,A,A
MARS,Yjs,1000,49,1000.042,73.5,79,3839,true,entities.mars-sync-benchmark-entity.transform.x,write-write,true,0.669,true,A,1000.042,0.627,79,68,98,98,A,A
MARS,Yjs,1000,50,1000.084,73.5,79,3911,true,entities.mars-sync-benchmark-entity.transform.x,write-write,true,0.185,true,A,1000.084,0.099,79,68,100,100,A,A
Loro,Loro,10,1,17.415,177,182,1199,true,entities.mars-sync-benchmark-entity.transform.x,write-write,true,9.969,true,B,17.415,2.55,172,182,-2,-2,B,B
Loro,Loro,10,2,10.689,162.5,170,1242,true,entities.mars-sync-benchmark-entity.transform.x,write-write,true,1.1,true,A,10.689,0.408,170,155,-4,-4,A,A
Loro,Loro,10,3,10.164,162.5,170,1268,true,entities.mars-sync-benchmark-entity.transform.x,write-write,true,0.373,true,B,10.164,0.207,155,170,-6,-6,B,B
Loro,Loro,10,4,10.18,162.5,170,1292,true,entities.mars-sync-benchmark-entity.transform.x,write-write,true,0.472,true,A,10.18,0.291,170,155,-8,-8,A,A
Loro,Loro,10,5,10.135,162.5,170,1310,true,entities.mars-sync-benchmark-entity.transform.x,write-write,true,0.337,true,B,10.135,0.201,155,170,-10,-10,B,B
Loro,Loro,10,6,10.182,162.5,170,1331,true,entities.mars-sync-benchmark-entity.transform.x,write-write,true,0.371,true,A,10.182,0.187,170,155,-12,-12,A,A
Loro,Loro,10,7,10.105,162.5,170,1342,true,entities.mars-sync-benchmark-entity.transform.x,write-write,true,0.263,true,B,10.105,0.157,155,170,-14,-14,B,B
Loro,Loro,10,8,10.113,162.5,170,1360,true,entities.mars-sync-benchmark-entity.transform.x,write-write,true,0.264,true,A,10.113,0.15,170,155,-16,-16,A,A
Loro,Loro,10,9,10.181,162.5,170,1364,true,entities.mars-sync-benchmark-entity.transform.x,write-write,true,0.433,true,B,10.181,0.25,155,170,-18,-18,B,B
Loro,Loro,10,10,10.174,162.5,170,1381,true,entities.mars-sync-benchmark-entity.transform.x,write-write,true,0.437,true,A,10.174,0.262,170,155,-20,-20,A,A
Loro,Loro,10,11,10.156,162.5,170,1390,true,entities.mars-sync-benchmark-entity.transform.x,write-write,true,0.415,true,B,10.156,0.258,155,170,-22,-22,B,B
Loro,Loro,10,12,10.152,162.5,170,1403,true,entities.mars-sync-benchmark-entity.transform.x,write-write,true,0.396,true,A,10.152,0.243,170,155,-24,-24,A,A
Loro,Loro,10,13,10.161,162.5,170,1415,true,entities.mars-sync-benchmark-entity.transform.x,write-write,true,0.392,true,B,10.161,0.23,155,170,-26,-26,B,B
Loro,Loro,10,14,10.143,162.5,170,1429,true,entities.mars-sync-benchmark-entity.transform.x,write-write,true,0.351,true,A,10.143,0.206,170,155,-28,-28,A,A
Loro,Loro,10,15,10.132,162.5,170,1437,true,entities.mars-sync-benchmark-entity.transform.x,write-write,true,0.366,true,B,10.132,0.233,155,170,-30,-30,B,B
Loro,Loro,10,16,10.14,162.5,170,1453,true,entities.mars-sync-benchmark-entity.transform.x,write-write,true,0.34,true,A,10.14,0.199,170,155,-32,-32,A,A
Loro,Loro,10,17,10.129,162.5,170,1460,true,entities.mars-sync-benchmark-entity.transform.x,write-write,true,0.399,true,B,10.129,0.268,155,170,-34,-34,B,B
Loro,Loro,10,18,10.22,163,170,1474,true,entities.mars-sync-benchmark-entity.transform.x,write-write,true,0.457,true,A,10.22,0.236,170,156,-36,-36,A,A
Loro,Loro,10,19,10.132,163,171,1482,true,entities.mars-sync-benchmark-entity.transform.x,write-write,true,0.343,true,B,10.132,0.209,155,171,-38,-38,B,B
Loro,Loro,10,20,10.138,163,170,1494,true,entities.mars-sync-benchmark-entity.transform.x,write-write,true,0.506,true,A,10.138,0.366,170,156,-40,-40,A,A
Loro,Loro,10,21,10.151,163,171,1502,true,entities.mars-sync-benchmark-entity.transform.x,write-write,true,0.406,true,B,10.151,0.254,155,171,-42,-42,B,B
Loro,Loro,10,22,10.295,163,170,1518,true,entities.mars-sync-benchmark-entity.transform.x,write-write,true,0.597,true,A,10.295,0.298,170,156,-44,-44,A,A
Loro,Loro,10,23,10.171,163,171,1526,true,entities.mars-sync-benchmark-entity.transform.x,write-write,true,0.432,true,B,10.171,0.26,155,171,-46,-46,B,B
Loro,Loro,10,24,10.149,163,170,1540,true,entities.mars-sync-benchmark-entity.transform.x,write-write,true,0.35,true,A,10.149,0.199,170,156,-48,-48,A,A
Loro,Loro,10,25,10.142,163,171,1551,true,entities.mars-sync-benchmark-entity.transform.x,write-write,true,0.695,true,B,10.142,0.551,155,171,-50,-50,B,B
Loro,Loro,10,26,10.181,163,170,1563,true,entities.mars-sync-benchmark-entity.transform.x,write-write,true,0.408,true,A,10.181,0.226,170,156,-52,-52,A,A
Loro,Loro,10,27,10.165,163.5,171,1572,true,entities.mars-sync-benchmark-entity.transform.x,write-write,true,0.396,true,B,10.165,0.23,156,171,-54,-54,B,B
Loro,Loro,10,28,10.238,163.5,171,1583,true,entities.mars-sync-benchmark-entity.transform.x,write-write,true,0.533,true,A,10.238,0.293,171,156,-56,-56,A,A
Loro,Loro,10,29,10.114,163.5,171,1595,true,entities.mars-sync-benchmark-entity.transform.x,write-write,true,0.281,true,B,10.114,0.166,156,171,-58,-58,B,B
Loro,Loro,10,30,10.135,163.5,171,1605,true,entities.mars-sync-benchmark-entity.transform.x,write-write,true,0.371,true,A,10.135,0.235,171,156,-60,-60,A,A
Loro,Loro,10,31,10.118,163.5,171,1614,true,entities.mars-sync-benchmark-entity.transform.x,write-write,true,0.316,true,B,10.118,0.197,156,171,-62,-62,B,B
Loro,Loro,10,32,10.182,163.5,171,1625,true,entities.mars-sync-benchmark-entity.transform.x,write-write,true,0.38,true,A,10.182,0.197,171,156,-64,-64,A,A
Loro,Loro,10,33,10.122,164,172,1636,true,entities.mars-sync-benchmark-entity.transform.x,write-write,true,0.294,true,B,10.122,0.17,156,172,-66,-66,B,B
Loro,Loro,10,34,10.125,164,171,1648,true,entities.mars-sync-benchmark-entity.transform.x,write-write,true,0.288,true,A,10.125,0.162,171,157,-68,-68,A,A
Loro,Loro,10,35,10.127,164.5,172,1661,true,entities.mars-sync-benchmark-entity.transform.x,write-write,true,0.375,true,B,10.127,0.246,157,172,-70,-70,B,B
Loro,Loro,10,36,10.115,165.5,173,1678,true,entities.mars-sync-benchmark-entity.transform.x,write-write,true,0.27,true,A,10.115,0.154,173,158,-72,-72,A,A
Loro,Loro,10,37,10.104,165.5,173,1689,true,entities.mars-sync-benchmark-entity.transform.x,write-write,true,0.258,true,B,10.104,0.153,158,173,-74,-74,B,B
Loro,Loro,10,38,10.108,165.5,173,1702,true,entities.mars-sync-benchmark-entity.transform.x,write-write,true,0.257,true,A,10.108,0.148,173,158,-76,-76,A,A
Loro,Loro,10,39,10.166,165.5,173,1712,true,entities.mars-sync-benchmark-entity.transform.x,write-write,true,0.396,true,B,10.166,0.229,158,173,-78,-78,B,B
Loro,Loro,10,40,10.186,165.5,173,1724,true,entities.mars-sync-benchmark-entity.transform.x,write-write,true,0.517,true,A,10.186,0.329,173,158,-80,-80,A,A
Loro,Loro,10,41,10.17,165.5,173,1734,true,entities.mars-sync-benchmark-entity.transform.x,write-write,true,0.398,true,B,10.17,0.227,158,173,-82,-82,B,B
Loro,Loro,10,42,10.188,165.5,173,1747,true,entities.mars-sync-benchmark-entity.transform.x,write-write,true,0.425,true,A,10.188,0.235,173,158,-84,-84,A,A
Loro,Loro,10,43,10.128,166,173,1760,true,entities.mars-sync-benchmark-entity.transform.x,write-write,true,0.316,true,B,10.128,0.187,159,173,-86,-86,B,B
Loro,Loro,10,44,10.148,166,174,1773,true,entities.mars-sync-benchmark-entity.transform.x,write-write,true,0.322,true,A,10.148,0.173,174,158,-88,-88,A,A
Loro,Loro,10,45,10.13,166,173,1784,true,entities.mars-sync-benchmark-entity.transform.x,write-write,true,0.349,true,B,10.13,0.218,159,173,-90,-90,B,B
Loro,Loro,10,46,10.148,166,174,1796,true,entities.mars-sync-benchmark-entity.transform.x,write-write,true,0.344,true,A,10.148,0.195,174,158,-92,-92,A,A
Loro,Loro,10,47,10.134,166,173,1804,true,entities.mars-sync-benchmark-entity.transform.x,write-write,true,0.312,true,B,10.134,0.177,159,173,-94,-94,B,B
Loro,Loro,10,48,10.121,166,174,1819,true,entities.mars-sync-benchmark-entity.transform.x,write-write,true,0.278,true,A,10.121,0.156,174,158,-96,-96,A,A
Loro,Loro,10,49,10.107,166,173,1830,true,entities.mars-sync-benchmark-entity.transform.x,write-write,true,0.284,true,B,10.107,0.176,159,173,-98,-98,B,B
Loro,Loro,10,50,10.123,166,174,1839,true,entities.mars-sync-benchmark-entity.transform.x,write-write,true,0.28,true,A,10.123,0.156,174,158,-100,-100,A,A
Loro,Loro,30,1,30.131,177,182,1199,true,entities.mars-sync-benchmark-entity.transform.x,write-write,true,0.306,true,B,30.131,0.174,172,182,-2,-2,B,B
Loro,Loro,30,2,30.105,162.5,170,1242,true,entities.mars-sync-benchmark-entity.transform.x,write-write,true,0.244,true,A,30.105,0.139,170,155,-4,-4,A,A
Loro,Loro,30,3,30.107,162.5,170,1268,true,entities.mars-sync-benchmark-entity.transform.x,write-write,true,0.26,true,B,30.107,0.151,155,170,-6,-6,B,B
Loro,Loro,30,4,30.101,162.5,170,1292,true,entities.mars-sync-benchmark-entity.transform.x,write-write,true,0.237,true,A,30.101,0.135,170,155,-8,-8,A,A
Loro,Loro,30,5,30.093,162.5,170,1310,true,entities.mars-sync-benchmark-entity.transform.x,write-write,true,0.232,true,B,30.093,0.138,155,170,-10,-10,B,B
Loro,Loro,30,6,30.119,162.5,170,1331,true,entities.mars-sync-benchmark-entity.transform.x,write-write,true,0.312,true,A,30.119,0.192,170,155,-12,-12,A,A
Loro,Loro,30,7,30.092,162.5,170,1342,true,entities.mars-sync-benchmark-entity.transform.x,write-write,true,0.243,true,B,30.092,0.15,155,170,-14,-14,B,B
Loro,Loro,30,8,30.098,162.5,170,1360,true,entities.mars-sync-benchmark-entity.transform.x,write-write,true,0.232,true,A,30.098,0.133,170,155,-16,-16,A,A
Loro,Loro,30,9,30.128,162.5,170,1364,true,entities.mars-sync-benchmark-entity.transform.x,write-write,true,0.299,true,B,30.128,0.169,155,170,-18,-18,B,B
Loro,Loro,30,10,30.18,162.5,170,1381,true,entities.mars-sync-benchmark-entity.transform.x,write-write,true,0.373,true,A,30.18,0.191,170,155,-20,-20,A,A
Loro,Loro,30,11,30.105,162.5,170,1390,true,entities.mars-sync-benchmark-entity.transform.x,write-write,true,0.281,true,B,30.105,0.175,155,170,-22,-22,B,B
Loro,Loro,30,12,30.129,162.5,170,1403,true,entities.mars-sync-benchmark-entity.transform.x,write-write,true,0.28,true,A,30.129,0.15,170,155,-24,-24,A,A
Loro,Loro,30,13,30.218,162.5,170,1415,true,entities.mars-sync-benchmark-entity.transform.x,write-write,true,0.408,true,B,30.218,0.187,155,170,-26,-26,B,B
Loro,Loro,30,14,30.111,162.5,170,1429,true,entities.mars-sync-benchmark-entity.transform.x,write-write,true,0.259,true,A,30.111,0.147,170,155,-28,-28,A,A
Loro,Loro,30,15,30.104,162.5,170,1437,true,entities.mars-sync-benchmark-entity.transform.x,write-write,true,0.255,true,B,30.104,0.15,155,170,-30,-30,B,B
Loro,Loro,30,16,30.116,162.5,170,1453,true,entities.mars-sync-benchmark-entity.transform.x,write-write,true,0.266,true,A,30.116,0.149,170,155,-32,-32,A,A
Loro,Loro,30,17,30.101,162.5,170,1460,true,entities.mars-sync-benchmark-entity.transform.x,write-write,true,0.281,true,B,30.101,0.179,155,170,-34,-34,B,B
Loro,Loro,30,18,30.107,163,170,1474,true,entities.mars-sync-benchmark-entity.transform.x,write-write,true,0.252,true,A,30.107,0.144,170,156,-36,-36,A,A
Loro,Loro,30,19,30.147,163,171,1482,true,entities.mars-sync-benchmark-entity.transform.x,write-write,true,0.301,true,B,30.147,0.153,155,171,-38,-38,B,B
Loro,Loro,30,20,30.109,163,170,1494,true,entities.mars-sync-benchmark-entity.transform.x,write-write,true,0.253,true,A,30.109,0.143,170,156,-40,-40,A,A
Loro,Loro,30,21,30.096,163,171,1502,true,entities.mars-sync-benchmark-entity.transform.x,write-write,true,0.241,true,B,30.096,0.145,155,171,-42,-42,B,B
Loro,Loro,30,22,30.119,163,170,1518,true,entities.mars-sync-benchmark-entity.transform.x,write-write,true,0.264,true,A,30.119,0.144,170,156,-44,-44,A,A
Loro,Loro,30,23,30.096,163,171,1526,true,entities.mars-sync-benchmark-entity.transform.x,write-write,true,0.237,true,B,30.096,0.14,155,171,-46,-46,B,B
Loro,Loro,30,24,30.203,163,170,1540,true,entities.mars-sync-benchmark-entity.transform.x,write-write,true,0.607,true,A,30.203,0.403,170,156,-48,-48,A,A
Loro,Loro,30,25,30.108,163,171,1551,true,entities.mars-sync-benchmark-entity.transform.x,write-write,true,0.269,true,B,30.108,0.161,155,171,-50,-50,B,B
Loro,Loro,30,26,30.109,163,170,1563,true,entities.mars-sync-benchmark-entity.transform.x,write-write,true,0.256,true,A,30.109,0.147,170,156,-52,-52,A,A
Loro,Loro,30,27,30.102,163.5,171,1572,true,entities.mars-sync-benchmark-entity.transform.x,write-write,true,0.251,true,B,30.102,0.148,156,171,-54,-54,B,B
Loro,Loro,30,28,30.123,163.5,171,1583,true,entities.mars-sync-benchmark-entity.transform.x,write-write,true,0.267,true,A,30.123,0.143,171,156,-56,-56,A,A
Loro,Loro,30,29,30.096,163.5,171,1595,true,entities.mars-sync-benchmark-entity.transform.x,write-write,true,0.243,true,B,30.096,0.146,156,171,-58,-58,B,B
Loro,Loro,30,30,30.112,163.5,171,1605,true,entities.mars-sync-benchmark-entity.transform.x,write-write,true,0.29,true,A,30.112,0.177,171,156,-60,-60,A,A
Loro,Loro,30,31,30.121,163.5,171,1614,true,entities.mars-sync-benchmark-entity.transform.x,write-write,true,0.287,true,B,30.121,0.165,156,171,-62,-62,B,B
Loro,Loro,30,32,30.111,163.5,171,1625,true,entities.mars-sync-benchmark-entity.transform.x,write-write,true,0.255,true,A,30.111,0.143,171,156,-64,-64,A,A
Loro,Loro,30,33,30.117,164,172,1636,true,entities.mars-sync-benchmark-entity.transform.x,write-write,true,0.269,true,B,30.117,0.151,156,172,-66,-66,B,B
Loro,Loro,30,34,30.131,164,171,1648,true,entities.mars-sync-benchmark-entity.transform.x,write-write,true,0.296,true,A,30.131,0.164,171,157,-68,-68,A,A
Loro,Loro,30,35,30.102,164.5,172,1661,true,entities.mars-sync-benchmark-entity.transform.x,write-write,true,0.251,true,B,30.102,0.147,157,172,-70,-70,B,B
Loro,Loro,30,36,30.102,165.5,173,1678,true,entities.mars-sync-benchmark-entity.transform.x,write-write,true,0.253,true,A,30.102,0.149,173,158,-72,-72,A,A
Loro,Loro,30,37,30.094,165.5,173,1689,true,entities.mars-sync-benchmark-entity.transform.x,write-write,true,0.237,true,B,30.094,0.142,158,173,-74,-74,B,B
Loro,Loro,30,38,30.101,165.5,173,1702,true,entities.mars-sync-benchmark-entity.transform.x,write-write,true,0.24,true,A,30.101,0.138,173,158,-76,-76,A,A
Loro,Loro,30,39,30.235,165.5,173,1712,true,entities.mars-sync-benchmark-entity.transform.x,write-write,true,0.57,true,B,30.235,0.334,158,173,-78,-78,B,B
Loro,Loro,30,40,30.195,165.5,173,1724,true,entities.mars-sync-benchmark-entity.transform.x,write-write,true,0.455,true,A,30.195,0.257,173,158,-80,-80,A,A
Loro,Loro,30,41,30.129,165.5,173,1734,true,entities.mars-sync-benchmark-entity.transform.x,write-write,true,0.47,true,B,30.129,0.34,158,173,-82,-82,B,B
Loro,Loro,30,42,30.111,165.5,173,1747,true,entities.mars-sync-benchmark-entity.transform.x,write-write,true,0.255,true,A,30.111,0.143,173,158,-84,-84,A,A
Loro,Loro,30,43,30.125,166,173,1760,true,entities.mars-sync-benchmark-entity.transform.x,write-write,true,0.295,true,B,30.125,0.168,159,173,-86,-86,B,B
Loro,Loro,30,44,30.118,166,174,1773,true,entities.mars-sync-benchmark-entity.transform.x,write-write,true,0.365,true,A,30.118,0.246,174,158,-88,-88,A,A
Loro,Loro,30,45,30.111,166,173,1784,true,entities.mars-sync-benchmark-entity.transform.x,write-write,true,0.273,true,B,30.111,0.16,159,173,-90,-90,B,B
Loro,Loro,30,46,30.195,166,174,1796,true,entities.mars-sync-benchmark-entity.transform.x,write-write,true,0.358,true,A,30.195,0.162,174,158,-92,-92,A,A
Loro,Loro,30,47,30.121,166,173,1804,true,entities.mars-sync-benchmark-entity.transform.x,write-write,true,0.284,true,B,30.121,0.162,159,173,-94,-94,B,B
Loro,Loro,30,48,30.116,166,174,1819,true,entities.mars-sync-benchmark-entity.transform.x,write-write,true,0.306,true,A,30.116,0.19,174,158,-96,-96,A,A
Loro,Loro,30,49,30.116,166,173,1830,true,entities.mars-sync-benchmark-entity.transform.x,write-write,true,0.338,true,B,30.116,0.221,159,173,-98,-98,B,B
Loro,Loro,30,50,30.146,166,174,1839,true,entities.mars-sync-benchmark-entity.transform.x,write-write,true,0.319,true,A,30.146,0.172,174,158,-100,-100,A,A
Loro,Loro,100,1,100.29,178,183,1201,true,entities.mars-sync-benchmark-entity.transform.x,write-write,true,0.606,true,B,100.29,0.314,173,183,-2,-2,B,B
Loro,Loro,100,2,100.178,162.5,170,1244,true,entities.mars-sync-benchmark-entity.transform.x,write-write,true,0.42,true,A,100.178,0.24,170,155,-4,-4,A,A
Loro,Loro,100,3,100.271,162.5,170,1270,true,entities.mars-sync-benchmark-entity.transform.x,write-write,true,0.746,true,B,100.271,0.472,155,170,-6,-6,B,B
Loro,Loro,100,4,100.177,162.5,170,1294,true,entities.mars-sync-benchmark-entity.transform.x,write-write,true,0.462,true,A,100.177,0.284,170,155,-8,-8,A,A
Loro,Loro,100,5,100.232,162.5,170,1312,true,entities.mars-sync-benchmark-entity.transform.x,write-write,true,0.542,true,B,100.232,0.308,155,170,-10,-10,B,B
Loro,Loro,100,6,100.111,162.5,170,1333,true,entities.mars-sync-benchmark-entity.transform.x,write-write,true,0.263,true,A,100.111,0.151,170,155,-12,-12,A,A
Loro,Loro,100,7,100.108,162.5,170,1344,true,entities.mars-sync-benchmark-entity.transform.x,write-write,true,0.267,true,B,100.108,0.158,155,170,-14,-14,B,B
Loro,Loro,100,8,100.117,162.5,170,1362,true,entities.mars-sync-benchmark-entity.transform.x,write-write,true,0.272,true,A,100.117,0.154,170,155,-16,-16,A,A
Loro,Loro,100,9,100.144,162.5,170,1366,true,entities.mars-sync-benchmark-entity.transform.x,write-write,true,0.549,true,B,100.144,0.403,155,170,-18,-18,B,B
Loro,Loro,100,10,100.15,162.5,170,1383,true,entities.mars-sync-benchmark-entity.transform.x,write-write,true,0.347,true,A,100.15,0.196,170,155,-20,-20,A,A
Loro,Loro,100,11,100.157,162.5,170,1392,true,entities.mars-sync-benchmark-entity.transform.x,write-write,true,0.392,true,B,100.157,0.233,155,170,-22,-22,B,B
Loro,Loro,100,12,100.147,162.5,170,1405,true,entities.mars-sync-benchmark-entity.transform.x,write-write,true,0.349,true,A,100.147,0.201,170,155,-24,-24,A,A
Loro,Loro,100,13,100.132,162.5,170,1417,true,entities.mars-sync-benchmark-entity.transform.x,write-write,true,0.392,true,B,100.132,0.259,155,170,-26,-26,B,B
Loro,Loro,100,14,100.13,162.5,170,1431,true,entities.mars-sync-benchmark-entity.transform.x,write-write,true,0.303,true,A,100.13,0.171,170,155,-28,-28,A,A
Loro,Loro,100,15,100.103,162.5,170,1439,true,entities.mars-sync-benchmark-entity.transform.x,write-write,true,0.59,true,B,100.103,0.485,155,170,-30,-30,B,B
Loro,Loro,100,16,100.155,162.5,170,1455,true,entities.mars-sync-benchmark-entity.transform.x,write-write,true,0.356,true,A,100.155,0.2,170,155,-32,-32,A,A
Loro,Loro,100,17,100.127,162.5,170,1462,true,entities.mars-sync-benchmark-entity.transform.x,write-write,true,0.344,true,B,100.127,0.216,155,170,-34,-34,B,B
Loro,Loro,100,18,100.177,163,170,1476,true,entities.mars-sync-benchmark-entity.transform.x,write-write,true,0.487,true,A,100.177,0.308,170,156,-36,-36,A,A
Loro,Loro,100,19,100.222,163,171,1484,true,entities.mars-sync-benchmark-entity.transform.x,write-write,true,0.469,true,B,100.222,0.245,155,171,-38,-38,B,B
Loro,Loro,100,20,100.149,163,170,1496,true,entities.mars-sync-benchmark-entity.transform.x,write-write,true,0.371,true,A,100.149,0.22,170,156,-40,-40,A,A
Loro,Loro,100,21,100.218,163,171,1504,true,entities.mars-sync-benchmark-entity.transform.x,write-write,true,0.642,true,B,100.218,0.421,155,171,-42,-42,B,B
Loro,Loro,100,22,100.164,163,170,1520,true,entities.mars-sync-benchmark-entity.transform.x,write-write,true,0.373,true,A,100.164,0.208,170,156,-44,-44,A,A
Loro,Loro,100,23,100.236,163,171,1528,true,entities.mars-sync-benchmark-entity.transform.x,write-write,true,0.47,true,B,100.236,0.231,155,171,-46,-46,B,B
Loro,Loro,100,24,100.481,163,170,1542,true,entities.mars-sync-benchmark-entity.transform.x,write-write,true,0.721,true,A,100.481,0.238,170,156,-48,-48,A,A
Loro,Loro,100,25,100.291,163,171,1553,true,entities.mars-sync-benchmark-entity.transform.x,write-write,true,0.567,true,B,100.291,0.273,155,171,-50,-50,B,B
Loro,Loro,100,26,100.118,163,170,1565,true,entities.mars-sync-benchmark-entity.transform.x,write-write,true,0.279,true,A,100.118,0.16,170,156,-52,-52,A,A
Loro,Loro,100,27,100.12,163.5,171,1574,true,entities.mars-sync-benchmark-entity.transform.x,write-write,true,0.29,true,B,100.12,0.169,156,171,-54,-54,B,B
Loro,Loro,100,28,100.281,163.5,171,1585,true,entities.mars-sync-benchmark-entity.transform.x,write-write,true,0.547,true,A,100.281,0.263,171,156,-56,-56,A,A
Loro,Loro,100,29,100.129,163.5,171,1597,true,entities.mars-sync-benchmark-entity.transform.x,write-write,true,0.338,true,B,100.129,0.208,156,171,-58,-58,B,B
Loro,Loro,100,30,100.239,163.5,171,1607,true,entities.mars-sync-benchmark-entity.transform.x,write-write,true,0.486,true,A,100.239,0.245,171,156,-60,-60,A,A
Loro,Loro,100,31,100.142,163.5,171,1616,true,entities.mars-sync-benchmark-entity.transform.x,write-write,true,0.453,true,B,100.142,0.31,156,171,-62,-62,B,B
Loro,Loro,100,32,100.169,163.5,171,1627,true,entities.mars-sync-benchmark-entity.transform.x,write-write,true,0.384,true,A,100.169,0.213,171,156,-64,-64,A,A
Loro,Loro,100,33,100.122,164,172,1638,true,entities.mars-sync-benchmark-entity.transform.x,write-write,true,0.369,true,B,100.122,0.245,156,172,-66,-66,B,B
Loro,Loro,100,34,100.126,164,171,1650,true,entities.mars-sync-benchmark-entity.transform.x,write-write,true,0.309,true,A,100.126,0.182,171,157,-68,-68,A,A
Loro,Loro,100,35,100.204,164.5,172,1663,true,entities.mars-sync-benchmark-entity.transform.x,write-write,true,0.708,true,B,100.204,0.502,157,172,-70,-70,B,B
Loro,Loro,100,36,100.169,165.5,173,1680,true,entities.mars-sync-benchmark-entity.transform.x,write-write,true,0.421,true,A,100.169,0.25,173,158,-72,-72,A,A
Loro,Loro,100,37,100.175,165.5,173,1691,true,entities.mars-sync-benchmark-entity.transform.x,write-write,true,0.401,true,B,100.175,0.224,158,173,-74,-74,B,B
Loro,Loro,100,38,100.168,165.5,173,1704,true,entities.mars-sync-benchmark-entity.transform.x,write-write,true,0.372,true,A,100.168,0.203,173,158,-76,-76,A,A
Loro,Loro,100,39,100.14,165.5,173,1714,true,entities.mars-sync-benchmark-entity.transform.x,write-write,true,0.372,true,B,100.14,0.231,158,173,-78,-78,B,B
Loro,Loro,100,40,100.145,165.5,173,1726,true,entities.mars-sync-benchmark-entity.transform.x,write-write,true,0.33,true,A,100.145,0.183,173,158,-80,-80,A,A
Loro,Loro,100,41,100.219,165.5,173,1736,true,entities.mars-sync-benchmark-entity.transform.x,write-write,true,0.545,true,B,100.219,0.324,158,173,-82,-82,B,B
Loro,Loro,100,42,100.152,165.5,173,1749,true,entities.mars-sync-benchmark-entity.transform.x,write-write,true,0.317,true,A,100.152,0.163,173,158,-84,-84,A,A
Loro,Loro,100,43,100.121,166,173,1762,true,entities.mars-sync-benchmark-entity.transform.x,write-write,true,0.291,true,B,100.121,0.169,159,173,-86,-86,B,B
Loro,Loro,100,44,100.128,166,174,1775,true,entities.mars-sync-benchmark-entity.transform.x,write-write,true,0.282,true,A,100.128,0.153,174,158,-88,-88,A,A
Loro,Loro,100,45,100.105,166,173,1786,true,entities.mars-sync-benchmark-entity.transform.x,write-write,true,0.255,true,B,100.105,0.148,159,173,-90,-90,B,B
Loro,Loro,100,46,100.146,166,174,1798,true,entities.mars-sync-benchmark-entity.transform.x,write-write,true,0.539,true,A,100.146,0.392,174,158,-92,-92,A,A
Loro,Loro,100,47,100.154,166,173,1806,true,entities.mars-sync-benchmark-entity.transform.x,write-write,true,0.365,true,B,100.154,0.21,159,173,-94,-94,B,B
Loro,Loro,100,48,100.134,166,174,1821,true,entities.mars-sync-benchmark-entity.transform.x,write-write,true,0.325,true,A,100.134,0.189,174,158,-96,-96,A,A
Loro,Loro,100,49,100.199,166,173,1832,true,entities.mars-sync-benchmark-entity.transform.x,write-write,true,0.495,true,B,100.199,0.295,159,173,-98,-98,B,B
Loro,Loro,100,50,100.164,166,174,1841,true,entities.mars-sync-benchmark-entity.transform.x,write-write,true,0.384,true,A,100.164,0.219,174,158,-100,-100,A,A
Loro,Loro,500,1,500.212,178,183,1201,true,entities.mars-sync-benchmark-entity.transform.x,write-write,true,0.691,true,B,500.212,0.477,173,183,-2,-2,B,B
Loro,Loro,500,2,500.199,162.5,170,1244,true,entities.mars-sync-benchmark-entity.transform.x,write-write,true,0.532,true,A,500.199,0.33,170,155,-4,-4,A,A
Loro,Loro,500,3,500.165,162.5,170,1270,true,entities.mars-sync-benchmark-entity.transform.x,write-write,true,0.49,true,B,500.165,0.324,155,170,-6,-6,B,B
Loro,Loro,500,4,500.167,162.5,170,1294,true,entities.mars-sync-benchmark-entity.transform.x,write-write,true,0.361,true,A,500.167,0.193,170,155,-8,-8,A,A
Loro,Loro,500,5,500.119,162.5,170,1312,true,entities.mars-sync-benchmark-entity.transform.x,write-write,true,0.347,true,B,500.119,0.227,155,170,-10,-10,B,B
Loro,Loro,500,6,500.171,162.5,170,1333,true,entities.mars-sync-benchmark-entity.transform.x,write-write,true,0.38,true,A,500.171,0.207,170,155,-12,-12,A,A
Loro,Loro,500,7,500.281,162.5,170,1344,true,entities.mars-sync-benchmark-entity.transform.x,write-write,true,0.552,true,B,500.281,0.269,155,170,-14,-14,B,B
Loro,Loro,500,8,500.316,162.5,170,1362,true,entities.mars-sync-benchmark-entity.transform.x,write-write,true,0.678,true,A,500.316,0.359,170,155,-16,-16,A,A
Loro,Loro,500,9,500.189,162.5,170,1366,true,entities.mars-sync-benchmark-entity.transform.x,write-write,true,0.461,true,B,500.189,0.271,155,170,-18,-18,B,B
Loro,Loro,500,10,500.354,162.5,170,1383,true,entities.mars-sync-benchmark-entity.transform.x,write-write,true,0.629,true,A,500.354,0.273,170,155,-20,-20,A,A
Loro,Loro,500,11,500.116,162.5,170,1392,true,entities.mars-sync-benchmark-entity.transform.x,write-write,true,0.409,true,B,500.116,0.292,155,170,-22,-22,B,B
Loro,Loro,500,12,500.142,162.5,170,1405,true,entities.mars-sync-benchmark-entity.transform.x,write-write,true,0.327,true,A,500.142,0.183,170,155,-24,-24,A,A
Loro,Loro,500,13,500.114,162.5,170,1417,true,entities.mars-sync-benchmark-entity.transform.x,write-write,true,0.266,true,B,500.114,0.15,155,170,-26,-26,B,B
Loro,Loro,500,14,500.095,162.5,170,1431,true,entities.mars-sync-benchmark-entity.transform.x,write-write,true,0.227,true,A,500.095,0.131,170,155,-28,-28,A,A
Loro,Loro,500,15,500.093,162.5,170,1439,true,entities.mars-sync-benchmark-entity.transform.x,write-write,true,0.26,true,B,500.093,0.166,155,170,-30,-30,B,B
Loro,Loro,500,16,500.104,162.5,170,1455,true,entities.mars-sync-benchmark-entity.transform.x,write-write,true,0.245,true,A,500.104,0.14,170,155,-32,-32,A,A
Loro,Loro,500,17,500.118,162.5,170,1462,true,entities.mars-sync-benchmark-entity.transform.x,write-write,true,0.257,true,B,500.118,0.139,155,170,-34,-34,B,B
Loro,Loro,500,18,500.101,163,170,1476,true,entities.mars-sync-benchmark-entity.transform.x,write-write,true,0.238,true,A,500.101,0.136,170,156,-36,-36,A,A
Loro,Loro,500,19,500.088,163,171,1484,true,entities.mars-sync-benchmark-entity.transform.x,write-write,true,0.226,true,B,500.088,0.137,155,171,-38,-38,B,B
Loro,Loro,500,20,500.195,163,170,1496,true,entities.mars-sync-benchmark-entity.transform.x,write-write,true,0.375,true,A,500.195,0.178,170,156,-40,-40,A,A
Loro,Loro,500,21,500.088,163,171,1504,true,entities.mars-sync-benchmark-entity.transform.x,write-write,true,0.26,true,B,500.088,0.171,155,171,-42,-42,B,B
Loro,Loro,500,22,500.112,163,170,1520,true,entities.mars-sync-benchmark-entity.transform.x,write-write,true,0.243,true,A,500.112,0.129,170,156,-44,-44,A,A
Loro,Loro,500,23,500.086,163,171,1528,true,entities.mars-sync-benchmark-entity.transform.x,write-write,true,0.214,true,B,500.086,0.126,155,171,-46,-46,B,B
Loro,Loro,500,24,500.094,163,170,1542,true,entities.mars-sync-benchmark-entity.transform.x,write-write,true,0.222,true,A,500.094,0.127,170,156,-48,-48,A,A
Loro,Loro,500,25,500.163,163,171,1553,true,entities.mars-sync-benchmark-entity.transform.x,write-write,true,0.352,true,B,500.163,0.188,155,171,-50,-50,B,B
Loro,Loro,500,26,500.123,163,170,1565,true,entities.mars-sync-benchmark-entity.transform.x,write-write,true,0.289,true,A,500.123,0.165,170,156,-52,-52,A,A
Loro,Loro,500,27,500.15,163.5,171,1574,true,entities.mars-sync-benchmark-entity.transform.x,write-write,true,0.349,true,B,500.15,0.197,156,171,-54,-54,B,B
Loro,Loro,500,28,500.16,163.5,171,1585,true,entities.mars-sync-benchmark-entity.transform.x,write-write,true,0.385,true,A,500.16,0.223,171,156,-56,-56,A,A
Loro,Loro,500,29,500.175,163.5,171,1597,true,entities.mars-sync-benchmark-entity.transform.x,write-write,true,0.486,true,B,500.175,0.308,156,171,-58,-58,B,B
Loro,Loro,500,30,500.124,163.5,171,1607,true,entities.mars-sync-benchmark-entity.transform.x,write-write,true,0.29,true,A,500.124,0.164,171,156,-60,-60,A,A
Loro,Loro,500,31,500.162,163.5,171,1616,true,entities.mars-sync-benchmark-entity.transform.x,write-write,true,0.477,true,B,500.162,0.314,156,171,-62,-62,B,B
Loro,Loro,500,32,500.195,163.5,171,1627,true,entities.mars-sync-benchmark-entity.transform.x,write-write,true,0.437,true,A,500.195,0.239,171,156,-64,-64,A,A
Loro,Loro,500,33,500.101,164,172,1638,true,entities.mars-sync-benchmark-entity.transform.x,write-write,true,0.249,true,B,500.101,0.146,156,172,-66,-66,B,B
Loro,Loro,500,34,500.104,164,171,1650,true,entities.mars-sync-benchmark-entity.transform.x,write-write,true,0.269,true,A,500.104,0.164,171,157,-68,-68,A,A
Loro,Loro,500,35,500.128,164.5,172,1663,true,entities.mars-sync-benchmark-entity.transform.x,write-write,true,0.283,true,B,500.128,0.154,157,172,-70,-70,B,B
Loro,Loro,500,36,500.13,165.5,173,1680,true,entities.mars-sync-benchmark-entity.transform.x,write-write,true,0.275,true,A,500.13,0.143,173,158,-72,-72,A,A
Loro,Loro,500,37,500.112,165.5,173,1691,true,entities.mars-sync-benchmark-entity.transform.x,write-write,true,0.272,true,B,500.112,0.158,158,173,-74,-74,B,B
Loro,Loro,500,38,500.109,165.5,173,1704,true,entities.mars-sync-benchmark-entity.transform.x,write-write,true,0.311,true,A,500.109,0.201,173,158,-76,-76,A,A
Loro,Loro,500,39,500.114,165.5,173,1714,true,entities.mars-sync-benchmark-entity.transform.x,write-write,true,0.498,true,B,500.114,0.383,158,173,-78,-78,B,B
Loro,Loro,500,40,500.106,165.5,173,1726,true,entities.mars-sync-benchmark-entity.transform.x,write-write,true,0.241,true,A,500.106,0.134,173,158,-80,-80,A,A
Loro,Loro,500,41,500.089,165.5,173,1736,true,entities.mars-sync-benchmark-entity.transform.x,write-write,true,0.251,true,B,500.089,0.161,158,173,-82,-82,B,B
Loro,Loro,500,42,500.102,165.5,173,1749,true,entities.mars-sync-benchmark-entity.transform.x,write-write,true,0.265,true,A,500.102,0.162,173,158,-84,-84,A,A
Loro,Loro,500,43,500.105,166,173,1762,true,entities.mars-sync-benchmark-entity.transform.x,write-write,true,0.277,true,B,500.105,0.17,159,173,-86,-86,B,B
Loro,Loro,500,44,500.1,166,174,1775,true,entities.mars-sync-benchmark-entity.transform.x,write-write,true,0.259,true,A,500.1,0.158,174,158,-88,-88,A,A
Loro,Loro,500,45,500.089,166,173,1786,true,entities.mars-sync-benchmark-entity.transform.x,write-write,true,0.236,true,B,500.089,0.147,159,173,-90,-90,B,B
Loro,Loro,500,46,500.161,166,174,1798,true,entities.mars-sync-benchmark-entity.transform.x,write-write,true,0.354,true,A,500.161,0.191,174,158,-92,-92,A,A
Loro,Loro,500,47,500.149,166,173,1806,true,entities.mars-sync-benchmark-entity.transform.x,write-write,true,0.36,true,B,500.149,0.208,159,173,-94,-94,B,B
Loro,Loro,500,48,500.105,166,174,1821,true,entities.mars-sync-benchmark-entity.transform.x,write-write,true,0.337,true,A,500.105,0.231,174,158,-96,-96,A,A
Loro,Loro,500,49,500.13,166,173,1832,true,entities.mars-sync-benchmark-entity.transform.x,write-write,true,0.316,true,B,500.13,0.185,159,173,-98,-98,B,B
Loro,Loro,500,50,500.158,166,174,1841,true,entities.mars-sync-benchmark-entity.transform.x,write-write,true,0.335,true,A,500.158,0.176,174,158,-100,-100,A,A
Loro,Loro,1000,1,1000.192,178,183,1201,true,entities.mars-sync-benchmark-entity.transform.x,write-write,true,0.601,true,B,1000.192,0.407,173,183,-2,-2,B,B
Loro,Loro,1000,2,1000.232,162.5,170,1244,true,entities.mars-sync-benchmark-entity.transform.x,write-write,true,0.464,true,A,1000.232,0.229,170,155,-4,-4,A,A
Loro,Loro,1000,3,1000.116,162.5,170,1270,true,entities.mars-sync-benchmark-entity.transform.x,write-write,true,0.303,true,B,1000.116,0.186,155,170,-6,-6,B,B
Loro,Loro,1000,4,1000.151,162.5,170,1294,true,entities.mars-sync-benchmark-entity.transform.x,write-write,true,0.386,true,A,1000.151,0.234,170,155,-8,-8,A,A
Loro,Loro,1000,5,1000.12,162.5,170,1312,true,entities.mars-sync-benchmark-entity.transform.x,write-write,true,0.302,true,B,1000.12,0.181,155,170,-10,-10,B,B
Loro,Loro,1000,6,1000.15,162.5,170,1333,true,entities.mars-sync-benchmark-entity.transform.x,write-write,true,0.365,true,A,1000.15,0.213,170,155,-12,-12,A,A
Loro,Loro,1000,7,1000.236,162.5,170,1344,true,entities.mars-sync-benchmark-entity.transform.x,write-write,true,0.502,true,B,1000.236,0.264,155,170,-14,-14,B,B
Loro,Loro,1000,8,1000.123,162.5,170,1362,true,entities.mars-sync-benchmark-entity.transform.x,write-write,true,0.301,true,A,1000.123,0.177,170,155,-16,-16,A,A
Loro,Loro,1000,9,1000.147,162.5,170,1366,true,entities.mars-sync-benchmark-entity.transform.x,write-write,true,0.37,true,B,1000.147,0.222,155,170,-18,-18,B,B
Loro,Loro,1000,10,1000.241,162.5,170,1383,true,entities.mars-sync-benchmark-entity.transform.x,write-write,true,0.55,true,A,1000.241,0.306,170,155,-20,-20,A,A
Loro,Loro,1000,11,1000.145,162.5,170,1392,true,entities.mars-sync-benchmark-entity.transform.x,write-write,true,0.389,true,B,1000.145,0.242,155,170,-22,-22,B,B
Loro,Loro,1000,12,1000.134,162.5,170,1405,true,entities.mars-sync-benchmark-entity.transform.x,write-write,true,0.306,true,A,1000.134,0.171,170,155,-24,-24,A,A
Loro,Loro,1000,13,1000.423,162.5,170,1417,true,entities.mars-sync-benchmark-entity.transform.x,write-write,true,0.662,true,B,1000.423,0.237,155,170,-26,-26,B,B
Loro,Loro,1000,14,1000.177,162.5,170,1431,true,entities.mars-sync-benchmark-entity.transform.x,write-write,true,0.423,true,A,1000.177,0.244,170,155,-28,-28,A,A
Loro,Loro,1000,15,1000.166,162.5,170,1439,true,entities.mars-sync-benchmark-entity.transform.x,write-write,true,0.43,true,B,1000.166,0.262,155,170,-30,-30,B,B
Loro,Loro,1000,16,1000.126,162.5,170,1455,true,entities.mars-sync-benchmark-entity.transform.x,write-write,true,0.302,true,A,1000.126,0.175,170,155,-32,-32,A,A
Loro,Loro,1000,17,1000.123,162.5,170,1462,true,entities.mars-sync-benchmark-entity.transform.x,write-write,true,0.355,true,B,1000.123,0.23,155,170,-34,-34,B,B
Loro,Loro,1000,18,1000.16,163,170,1476,true,entities.mars-sync-benchmark-entity.transform.x,write-write,true,0.35,true,A,1000.16,0.188,170,156,-36,-36,A,A
Loro,Loro,1000,19,1000.105,163,171,1484,true,entities.mars-sync-benchmark-entity.transform.x,write-write,true,0.247,true,B,1000.105,0.14,155,171,-38,-38,B,B
Loro,Loro,1000,20,1000.094,163,170,1496,true,entities.mars-sync-benchmark-entity.transform.x,write-write,true,0.221,true,A,1000.094,0.126,170,156,-40,-40,A,A
Loro,Loro,1000,21,1000.092,163,171,1504,true,entities.mars-sync-benchmark-entity.transform.x,write-write,true,0.332,true,B,1000.092,0.239,155,171,-42,-42,B,B
Loro,Loro,1000,22,1000.102,163,170,1520,true,entities.mars-sync-benchmark-entity.transform.x,write-write,true,0.239,true,A,1000.102,0.136,170,156,-44,-44,A,A
Loro,Loro,1000,23,1000.093,163,171,1528,true,entities.mars-sync-benchmark-entity.transform.x,write-write,true,0.253,true,B,1000.093,0.159,155,171,-46,-46,B,B
Loro,Loro,1000,24,1000.097,163,170,1542,true,entities.mars-sync-benchmark-entity.transform.x,write-write,true,0.224,true,A,1000.097,0.126,170,156,-48,-48,A,A
Loro,Loro,1000,25,1000.103,163,171,1553,true,entities.mars-sync-benchmark-entity.transform.x,write-write,true,0.262,true,B,1000.103,0.158,155,171,-50,-50,B,B
Loro,Loro,1000,26,1000.09,163,170,1565,true,entities.mars-sync-benchmark-entity.transform.x,write-write,true,0.217,true,A,1000.09,0.125,170,156,-52,-52,A,A
Loro,Loro,1000,27,1000.081,163.5,171,1574,true,entities.mars-sync-benchmark-entity.transform.x,write-write,true,0.206,true,B,1000.081,0.124,156,171,-54,-54,B,B
Loro,Loro,1000,28,1000.088,163.5,171,1585,true,entities.mars-sync-benchmark-entity.transform.x,write-write,true,0.207,true,A,1000.088,0.118,171,156,-56,-56,A,A
Loro,Loro,1000,29,1000.148,163.5,171,1597,true,entities.mars-sync-benchmark-entity.transform.x,write-write,true,0.343,true,B,1000.148,0.192,156,171,-58,-58,B,B
Loro,Loro,1000,30,1000.197,163.5,171,1607,true,entities.mars-sync-benchmark-entity.transform.x,write-write,true,0.471,true,A,1000.197,0.271,171,156,-60,-60,A,A
Loro,Loro,1000,31,1000.153,163.5,171,1616,true,entities.mars-sync-benchmark-entity.transform.x,write-write,true,0.372,true,B,1000.153,0.216,156,171,-62,-62,B,B
Loro,Loro,1000,32,1000.316,163.5,171,1627,true,entities.mars-sync-benchmark-entity.transform.x,write-write,true,0.602,true,A,1000.316,0.284,171,156,-64,-64,A,A
Loro,Loro,1000,33,1000.264,164,172,1638,true,entities.mars-sync-benchmark-entity.transform.x,write-write,true,0.586,true,B,1000.264,0.319,156,172,-66,-66,B,B
Loro,Loro,1000,34,1000.302,164,171,1650,true,entities.mars-sync-benchmark-entity.transform.x,write-write,true,0.588,true,A,1000.302,0.284,171,157,-68,-68,A,A
Loro,Loro,1000,35,1000.161,164.5,172,1663,true,entities.mars-sync-benchmark-entity.transform.x,write-write,true,0.331,true,B,1000.161,0.169,157,172,-70,-70,B,B
Loro,Loro,1000,36,1000.151,165.5,173,1680,true,entities.mars-sync-benchmark-entity.transform.x,write-write,true,0.3,true,A,1000.151,0.148,173,158,-72,-72,A,A
Loro,Loro,1000,37,1000.143,165.5,173,1691,true,entities.mars-sync-benchmark-entity.transform.x,write-write,true,0.297,true,B,1000.143,0.153,158,173,-74,-74,B,B
Loro,Loro,1000,38,1000.112,165.5,173,1704,true,entities.mars-sync-benchmark-entity.transform.x,write-write,true,0.26,true,A,1000.112,0.146,173,158,-76,-76,A,A
Loro,Loro,1000,39,1000.132,165.5,173,1714,true,entities.mars-sync-benchmark-entity.transform.x,write-write,true,0.281,true,B,1000.132,0.149,158,173,-78,-78,B,B
Loro,Loro,1000,40,1000.194,165.5,173,1726,true,entities.mars-sync-benchmark-entity.transform.x,write-write,true,0.424,true,A,1000.194,0.228,173,158,-80,-80,A,A
Loro,Loro,1000,41,1000.35,165.5,173,1736,true,entities.mars-sync-benchmark-entity.transform.x,write-write,true,0.691,true,B,1000.35,0.338,158,173,-82,-82,B,B
Loro,Loro,1000,42,1000.228,165.5,173,1749,true,entities.mars-sync-benchmark-entity.transform.x,write-write,true,0.466,true,A,1000.228,0.237,173,158,-84,-84,A,A
Loro,Loro,1000,43,1000.157,166,173,1762,true,entities.mars-sync-benchmark-entity.transform.x,write-write,true,0.526,true,B,1000.157,0.367,159,173,-86,-86,B,B
Loro,Loro,1000,44,1000.172,166,174,1775,true,entities.mars-sync-benchmark-entity.transform.x,write-write,true,0.404,true,A,1000.172,0.231,174,158,-88,-88,A,A
Loro,Loro,1000,45,1000.113,166,173,1786,true,entities.mars-sync-benchmark-entity.transform.x,write-write,true,0.262,true,B,1000.113,0.147,159,173,-90,-90,B,B
Loro,Loro,1000,46,1000.099,166,174,1798,true,entities.mars-sync-benchmark-entity.transform.x,write-write,true,0.229,true,A,1000.099,0.128,174,158,-92,-92,A,A
Loro,Loro,1000,47,1000.092,166,173,1806,true,entities.mars-sync-benchmark-entity.transform.x,write-write,true,0.228,true,B,1000.092,0.135,159,173,-94,-94,B,B
Loro,Loro,1000,48,1000.402,166,174,1821,true,entities.mars-sync-benchmark-entity.transform.x,write-write,true,0.596,true,A,1000.402,0.192,174,158,-96,-96,A,A
Loro,Loro,1000,49,1000.092,166,173,1832,true,entities.mars-sync-benchmark-entity.transform.x,write-write,true,0.227,true,B,1000.092,0.134,159,173,-98,-98,B,B
Loro,Loro,1000,50,1000.233,166,174,1841,true,entities.mars-sync-benchmark-entity.transform.x,write-write,true,0.532,true,A,1000.233,0.297,174,158,-100,-100,A,A